"../../../Engine/Plugins/Animation/ACLPlugin/Content/ACLAnimCurveCompressionSettings.uasset" 0
"../../../Engine/Plugins/Animation/ACLPlugin/Content/ACLAnimCurveCompressionSettings.uexp" 1
"../../../Engine/Plugins/Animation/ACLPlugin/Content/ACLAnimBoneCompressionSettings.uasset" 2
"../../../Engine/Plugins/Animation/ACLPlugin/Content/ACLAnimBoneCompressionSettings.uexp" 3
"../../../Engine/Plugins/2D/Paper2D/Content/PlaceholderTextures/DummySpriteTexture.ubulk" 4
"../../../Engine/Plugins/2D/Paper2D/Content/PlaceholderTextures/DummySpriteTexture.uasset" 5
"../../../Engine/Plugins/2D/Paper2D/Content/PlaceholderTextures/DummySpriteTexture.uexp" 6
"../../../Engine/Plugins/2D/Paper2D/Content/DummySprite.uasset" 7
"../../../Engine/Plugins/2D/Paper2D/Content/DummySprite.uexp" 8
"../../../Engine/Plugins/2D/Paper2D/Content/DefaultPaperTerrainMaterial.uasset" 9
"../../../Engine/Plugins/2D/Paper2D/Content/DefaultPaperTerrainMaterial.uexp" 10
"../../../Engine/Content/Animation/DefaultVariableFrameStrippingSettings.uasset" 11
"../../../Engine/Content/Animation/DefaultVariableFrameStrippingSettings.uexp" 12
"../../../Engine/Content/Animation/DefaultRecorderBoneCompression.uasset" 13
"../../../Engine/Content/Animation/DefaultRecorderBoneCompression.uexp" 14
"../../../Engine/Plugins/Animation/ControlRig/Content/Controls/DefaultGizmoLibraryNormalized.uasset" 15
"../../../Engine/Plugins/Animation/ControlRig/Content/Controls/DefaultGizmoLibraryNormalized.uexp" 16
"../../../Engine/Content/EngineSounds/Master.uasset" 17
"../../../Engine/Content/EngineSounds/Master.uexp" 18
"../../../Engine/Content/EngineMaterials/DefaultDestructiblePhysicalMaterial.uasset" 19
"../../../Engine/Content/EngineMaterials/DefaultDestructiblePhysicalMaterial.uexp" 20
"../../../Engine/Content/EngineFonts/Faces/DroidSansFallback.uexp" 21
"../../../Engine/Content/EngineFonts/Faces/DroidSansFallback.uasset" 22
"../../../Engine/Content/EngineFonts/Faces/DroidSansFallback.ufont" 23
"../../../Engine/Content/EngineFonts/Faces/RobotoBold.uexp" 24
"../../../Engine/Content/EngineFonts/Faces/RobotoBold.uasset" 25
"../../../Engine/Content/EngineFonts/Faces/RobotoBold.ufont" 26
"../../../Engine/Content/EngineFonts/Faces/RobotoBoldItalic.uexp" 27
"../../../Engine/Content/EngineFonts/Faces/RobotoBoldItalic.uasset" 28
"../../../Engine/Content/EngineFonts/Faces/RobotoBoldItalic.ufont" 29
"../../../Engine/Content/EngineFonts/Faces/RobotoItalic.uexp" 30
"../../../Engine/Content/EngineFonts/Faces/RobotoItalic.uasset" 31
"../../../Engine/Content/EngineFonts/Faces/RobotoItalic.ufont" 32
"../../../Engine/Content/EngineFonts/Faces/RobotoLight.uexp" 33
"../../../Engine/Content/EngineFonts/Faces/RobotoLight.uasset" 34
"../../../Engine/Content/EngineFonts/Faces/RobotoLight.ufont" 35
"../../../Engine/Content/EngineFonts/Faces/RobotoRegular.uexp" 36
"../../../Engine/Content/EngineFonts/Faces/RobotoRegular.uasset" 37
"../../../Engine/Content/EngineFonts/Faces/RobotoRegular.ufont" 38
"../../../Engine/Content/EngineFonts/Roboto.uasset" 39
"../../../Engine/Content/EngineFonts/Roboto.uexp" 40
"../../../Engine/Content/EngineFonts/Faces/DroidSansMono.uexp" 41
"../../../Engine/Content/EngineFonts/Faces/DroidSansMono.uasset" 42
"../../../Engine/Content/EngineFonts/Faces/DroidSansMono.ufont" 43
"../../../Engine/Content/EngineFonts/DroidSansMono.uasset" 44
"../../../Engine/Content/EngineFonts/DroidSansMono.uexp" 45
"../../../Engine/Plugins/Interchange/Runtime/Content/Pipelines/DefaultTexturePipeline.uasset" 46
"../../../Engine/Plugins/Interchange/Runtime/Content/Pipelines/DefaultTexturePipeline.uexp" 47
"../../../Engine/Plugins/Interchange/Runtime/Content/Pipelines/DefaultSceneLevelPipeline.uasset" 48
"../../../Engine/Plugins/Interchange/Runtime/Content/Pipelines/DefaultSceneLevelPipeline.uexp" 49
"../../../Engine/Plugins/Interchange/Runtime/Content/Pipelines/DefaultSceneAssetsPipeline.uasset" 50
"../../../Engine/Plugins/Interchange/Runtime/Content/Pipelines/DefaultSceneAssetsPipeline.uexp" 51
"../../../Engine/Plugins/Interchange/Runtime/Content/Pipelines/DefaultMaterialXPipeline.uasset" 52
"../../../Engine/Plugins/Interchange/Runtime/Content/Pipelines/DefaultMaterialXPipeline.uexp" 53
"../../../Engine/Plugins/Interchange/Runtime/Content/Pipelines/DefaultMaterialPipeline.uasset" 54
"../../../Engine/Plugins/Interchange/Runtime/Content/Pipelines/DefaultMaterialPipeline.uexp" 55
"../../../Engine/Plugins/Interchange/Runtime/Content/Pipelines/DefaultGLTFSceneAssetsPipeline.uasset" 56
"../../../Engine/Plugins/Interchange/Runtime/Content/Pipelines/DefaultGLTFSceneAssetsPipeline.uexp" 57
"../../../Engine/Plugins/Interchange/Runtime/Content/Pipelines/DefaultGLTFPipeline.uasset" 58
"../../../Engine/Plugins/Interchange/Runtime/Content/Pipelines/DefaultGLTFPipeline.uexp" 59
"../../../Engine/Plugins/Interchange/Runtime/Content/Pipelines/DefaultGLTFAssetsPipeline.uasset" 60
"../../../Engine/Plugins/Interchange/Runtime/Content/Pipelines/DefaultGLTFAssetsPipeline.uexp" 61
"../../../Engine/Plugins/Interchange/Runtime/Content/Pipelines/DefaultAssetsPipeline.uasset" 62
"../../../Engine/Plugins/Interchange/Runtime/Content/Pipelines/DefaultAssetsPipeline.uexp" 63
"../../../Engine/Content/MobileResources/HUD/VirtualJoystick_Thumb.uasset" 64
"../../../Engine/Content/MobileResources/HUD/VirtualJoystick_Thumb.uexp" 65
"../../../Engine/Content/MobileResources/HUD/VirtualJoystick_Background.uasset" 66
"../../../Engine/Content/MobileResources/HUD/VirtualJoystick_Background.uexp" 67
"../../../Engine/Content/MobileResources/HUD/DefaultVirtualJoysticks.uasset" 68
"../../../Engine/Content/MobileResources/HUD/DefaultVirtualJoysticks.uexp" 69
"../../../Engine/Content/EngineResources/GradientTexture0.uasset" 70
"../../../Engine/Content/EngineResources/GradientTexture0.uexp" 71
"../../../Engine/Content/EngineResources/Black.uasset" 72
"../../../Engine/Content/EngineResources/Black.uexp" 73
"../../../Engine/Content/EditorResources/S_Actor.ubulk" 74
"../../../Engine/Content/EditorResources/S_Actor.uasset" 75
"../../../Engine/Content/EditorResources/S_Actor.uexp" 76
"../../../Engine/Content/EditorResources/S_Trigger.ubulk" 77
"../../../Engine/Content/EditorResources/S_Trigger.uasset" 78
"../../../Engine/Content/EditorResources/S_Trigger.uexp" 79
"../../../Engine/Content/EditorResources/S_BoxReflectionCapture.uasset" 80
"../../../Engine/Content/EditorResources/S_BoxReflectionCapture.uexp" 81
"../../../Engine/Content/EngineResources/DefaultTexture.ubulk" 82
"../../../Engine/Content/EngineResources/DefaultTexture.uasset" 83
"../../../Engine/Content/EngineResources/DefaultTexture.uexp" 84
"../../../Engine/Content/EditorResources/S_TriggerBox.uasset" 85
"../../../Engine/Content/EditorResources/S_TriggerBox.uexp" 86
"../../../Engine/Content/EditorResources/S_TriggerCapsule.uasset" 87
"../../../Engine/Content/EditorResources/S_TriggerCapsule.uexp" 88
"../../../Engine/Content/EditorResources/S_TriggerSphere.uasset" 89
"../../../Engine/Content/EditorResources/S_TriggerSphere.uexp" 90
"../../../Engine/Content/EngineMeshes/Sphere.uasset" 91
"../../../Engine/Content/EngineMeshes/Sphere.uexp" 92
"../../../Engine/Content/EngineResources/DefaultTextureCube.uasset" 93
"../../../Engine/Content/EngineResources/DefaultTextureCube.uexp" 94
"../../../Engine/Content/EngineResources/DefaultVolumeTexture2D.uasset" 95
"../../../Engine/Content/EngineResources/DefaultVolumeTexture2D.uexp" 96
"../../../Engine/Content/EngineResources/DefaultVolumeTexture.uasset" 97
"../../../Engine/Content/EngineResources/DefaultVolumeTexture.uexp" 98
"../../../Engine/Plugins/NNE/NNEDenoiser/Content/NNE_oidn2-3-0_rt_hdr_calb_cnrm_large__dyn__fp16_opset11_ForwardAlpha.uasset" 99
"../../../Engine/Plugins/NNE/NNEDenoiser/Content/NNE_oidn2-3-0_rt_hdr_calb_cnrm_large__dyn__fp16_opset11_ForwardAlpha.uexp" 100
"../../../Engine/Plugins/NNE/NNEDenoiser/Content/NNE_oidn2-3-0_rt_hdr_calb_cnrm_large__dyn__fp16_opset11_DenoiseAlpha.uasset" 101
"../../../Engine/Plugins/NNE/NNEDenoiser/Content/NNE_oidn2-3-0_rt_hdr_calb_cnrm_large__dyn__fp16_opset11_DenoiseAlpha.uexp" 102
"../../../Engine/Plugins/NNE/NNEDenoiser/Content/NNE_oidn2-3-0_rt_hdr_alb_nrm__dyn__fp16_opset11_ForwardAlpha.uasset" 103
"../../../Engine/Plugins/NNE/NNEDenoiser/Content/NNE_oidn2-3-0_rt_hdr_alb_nrm__dyn__fp16_opset11_ForwardAlpha.uexp" 104
"../../../Engine/Plugins/NNE/NNEDenoiser/Content/NNE_oidn2-3-0_rt_hdr_alb_nrm__dyn__fp16_opset11_DenoiseAlpha.uasset" 105
"../../../Engine/Plugins/NNE/NNEDenoiser/Content/NNE_oidn2-3-0_rt_hdr_alb_nrm__dyn__fp16_opset11_DenoiseAlpha.uexp" 106
"../../../Engine/Plugins/NNE/NNEDenoiser/Content/NNE_oidn2-3-0_rt_hdr_alb_nrm_small__dyn__fp16_opset11_ForwardAlpha.uasset" 107
"../../../Engine/Plugins/NNE/NNEDenoiser/Content/NNE_oidn2-3-0_rt_hdr_alb_nrm_small__dyn__fp16_opset11_ForwardAlpha.uexp" 108
"../../../Engine/Plugins/NNE/NNEDenoiser/Content/NNE_oidn2-3-0_rt_hdr_alb_nrm_small__dyn__fp16_opset11_DenoiseAlpha.uasset" 109
"../../../Engine/Plugins/NNE/NNEDenoiser/Content/NNE_oidn2-3-0_rt_hdr_alb_nrm_small__dyn__fp16_opset11_DenoiseAlpha.uexp" 110
"../../../Engine/Plugins/NNE/NNEDenoiser/Content/NNEDTOM_Output_Default.uasset" 111
"../../../Engine/Plugins/NNE/NNEDenoiser/Content/NNEDTOM_Output_Default.uexp" 112
"../../../Engine/Plugins/NNE/NNEDenoiser/Content/NNEDTOM_Output_Alpha.uasset" 113
"../../../Engine/Plugins/NNE/NNEDenoiser/Content/NNEDTOM_Output_Alpha.uexp" 114
"../../../Engine/Plugins/NNE/NNEDenoiser/Content/NNEDTIM_ColorAlbedoNormal_Default.uasset" 115
"../../../Engine/Plugins/NNE/NNEDenoiser/Content/NNEDTIM_ColorAlbedoNormal_Default.uexp" 116
"../../../Engine/Plugins/NNE/NNEDenoiser/Content/NNEDTIM_ColorAlbedoNormal_Alpha.uasset" 117
"../../../Engine/Plugins/NNE/NNEDenoiser/Content/NNEDTIM_ColorAlbedoNormal_Alpha.uexp" 118
"../../../Engine/Plugins/NNE/NNEDenoiser/Content/NNEDOM_Output_Default.uasset" 119
"../../../Engine/Plugins/NNE/NNEDenoiser/Content/NNEDOM_Output_Default.uexp" 120
"../../../Engine/Plugins/NNE/NNEDenoiser/Content/NNEDOM_Output_Alpha.uasset" 121
"../../../Engine/Plugins/NNE/NNEDenoiser/Content/NNEDOM_Output_Alpha.uexp" 122
"../../../Engine/Plugins/NNE/NNEDenoiser/Content/NNEDIM_HighQuality_Default.uasset" 123
"../../../Engine/Plugins/NNE/NNEDenoiser/Content/NNEDIM_HighQuality_Default.uexp" 124
"../../../Engine/Plugins/NNE/NNEDenoiser/Content/NNEDIM_HighQuality_Alpha.uasset" 125
"../../../Engine/Plugins/NNE/NNEDenoiser/Content/NNEDIM_HighQuality_Alpha.uexp" 126
"../../../Engine/Plugins/NNE/NNEDenoiser/Content/NNEDIM_ColorAlbedoNormal_Default.uasset" 127
"../../../Engine/Plugins/NNE/NNEDenoiser/Content/NNEDIM_ColorAlbedoNormal_Default.uexp" 128
"../../../Engine/Plugins/NNE/NNEDenoiser/Content/NNEDIM_ColorAlbedoNormal_Alpha.uasset" 129
"../../../Engine/Plugins/NNE/NNEDenoiser/Content/NNEDIM_ColorAlbedoNormal_Alpha.uexp" 130
"../../../Engine/Content/EngineMaterials/T_Default_Material_Grid_M.ubulk" 131
"../../../Engine/Content/EngineMaterials/T_Default_Material_Grid_M.uasset" 132
"../../../Engine/Content/EngineMaterials/T_Default_Material_Grid_M.uexp" 133
"../../../Engine/Content/Functions/Engine_MaterialFunctions01/Opacity/CameraDepthFade.uasset" 134
"../../../Engine/Content/Functions/Engine_MaterialFunctions01/Opacity/CameraDepthFade.uexp" 135
"../../../Engine/Content/EngineMaterials/T_Default_Material_Grid_N.ubulk" 136
"../../../Engine/Content/EngineMaterials/T_Default_Material_Grid_N.uasset" 137
"../../../Engine/Content/EngineMaterials/T_Default_Material_Grid_N.uexp" 138
"../../../Engine/Content/EngineMaterials/WorldGridMaterial.uasset" 139
"../../../Engine/Content/EngineMaterials/WorldGridMaterial.uexp" 140
"../../../Engine/Plugins/Media/MediaPlate/Content/SM_MediaPlateScreen.uasset" 141
"../../../Engine/Plugins/Media/MediaPlate/Content/SM_MediaPlateScreen.uexp" 142
"../../../Engine/Content/Functions/Engine_MaterialFunctions02/WorldPositionOffset/CameraOffset.uasset" 143
"../../../Engine/Content/Functions/Engine_MaterialFunctions02/WorldPositionOffset/CameraOffset.uexp" 144
"../../../Engine/Plugins/Animation/ControlRig/Content/M_Manip.uasset" 145
"../../../Engine/Plugins/Animation/ControlRig/Content/M_Manip.uexp" 146
"../../../Engine/Plugins/2D/Paper2D/Content/DefaultSpriteMaterial.uasset" 147
"../../../Engine/Plugins/2D/Paper2D/Content/DefaultSpriteMaterial.uexp" 148
"../../../Engine/Plugins/2D/Paper2D/Content/OpaqueUnlitSpriteMaterial.uasset" 149
"../../../Engine/Plugins/2D/Paper2D/Content/OpaqueUnlitSpriteMaterial.uexp" 150
"../../../Engine/Plugins/2D/Paper2D/Content/MaskedUnlitSpriteMaterial.uasset" 151
"../../../Engine/Plugins/2D/Paper2D/Content/MaskedUnlitSpriteMaterial.uexp" 152
"../../../Engine/Content/EditorLandscapeResources/SplineEditorMeshMat.uasset" 153
"../../../Engine/Content/EditorLandscapeResources/SplineEditorMeshMat.uexp" 154
"../../../Engine/Content/EditorLandscapeResources/SplineEditorMesh.uasset" 155
"../../../Engine/Content/EditorLandscapeResources/SplineEditorMesh.uexp" 156
"../../../Engine/Content/EditorLandscapeResources/WhiteSquareTexture.uasset" 157
"../../../Engine/Content/EditorLandscapeResources/WhiteSquareTexture.uexp" 158
"../../../Engine/Content/EditorLandscapeResources/DefaultAlphaTexture.uasset" 159
"../../../Engine/Content/EditorLandscapeResources/DefaultAlphaTexture.uexp" 160
"../../../Engine/Content/Functions/Engine_MaterialFunctions03/Math/WithinRangeFloat2.uasset" 161
"../../../Engine/Content/Functions/Engine_MaterialFunctions03/Math/WithinRangeFloat2.uexp" 162
"../../../Engine/Content/EditorLandscapeResources/SelectBrushMaterial.uasset" 163
"../../../Engine/Content/EditorLandscapeResources/SelectBrushMaterial.uexp" 164
"../../../Engine/Content/EditorLandscapeResources/SelectBrushMaterial_SelectedRegion.uasset" 165
"../../../Engine/Content/EditorLandscapeResources/SelectBrushMaterial_SelectedRegion.uexp" 166
"../../../Engine/Content/EditorLandscapeResources/SelectBrushMaterial_Selected.uasset" 167
"../../../Engine/Content/EditorLandscapeResources/SelectBrushMaterial_Selected.uexp" 168
"../../../Engine/Content/Functions/Engine_MaterialFunctions02/Utility/MakeFloat3.uasset" 169
"../../../Engine/Content/Functions/Engine_MaterialFunctions02/Utility/MakeFloat3.uexp" 170
"../../../Engine/Content/EditorLandscapeResources/MaskBrushMaterial.uasset" 171
"../../../Engine/Content/EditorLandscapeResources/MaskBrushMaterial.uexp" 172
"../../../Engine/Content/EditorLandscapeResources/MaskBrushMaterial_MaskedRegion.uasset" 173
"../../../Engine/Content/EditorLandscapeResources/MaskBrushMaterial_MaskedRegion.uexp" 174
"../../../Engine/Content/EditorLandscapeResources/LayerVisMaterial.uasset" 175
"../../../Engine/Content/EditorLandscapeResources/LayerVisMaterial.uexp" 176
"../../../Engine/Content/Functions/Engine_MaterialFunctions02/Utility/BreakOutFloat2Components.uasset" 177
"../../../Engine/Content/Functions/Engine_MaterialFunctions02/Utility/BreakOutFloat2Components.uexp" 178
"../../../Engine/Content/Functions/Engine_MaterialFunctions01/Texturing/ScaleUVsByCenter.uasset" 179
"../../../Engine/Content/Functions/Engine_MaterialFunctions01/Texturing/ScaleUVsByCenter.uexp" 180
"../../../Engine/Content/Functions/Engine_MaterialFunctions02/WorldPositionOffset/LocalPosition.uasset" 181
"../../../Engine/Content/Functions/Engine_MaterialFunctions02/WorldPositionOffset/LocalPosition.uexp" 182
"../../../Engine/Content/EngineMaterials/DefaultDiffuse.ubulk" 183
"../../../Engine/Content/EngineMaterials/DefaultDiffuse.uasset" 184
"../../../Engine/Content/EngineMaterials/DefaultDiffuse.uexp" 185
"../../../Engine/Content/Functions/Engine_MaterialFunctions01/Texturing/TextureCropping.uasset" 186
"../../../Engine/Content/Functions/Engine_MaterialFunctions01/Texturing/TextureCropping.uexp" 187
"../../../Engine/Content/Functions/Engine_MaterialFunctions02/ExampleContent/DebugNumberStrip.uasset" 188
"../../../Engine/Content/Functions/Engine_MaterialFunctions02/ExampleContent/DebugNumberStrip.uexp" 189
"../../../Engine/Content/Functions/Engine_MaterialFunctions01/Debug/DebugIntValues.uasset" 190
"../../../Engine/Content/Functions/Engine_MaterialFunctions01/Debug/DebugIntValues.uexp" 191
"../../../Engine/Content/EditorLandscapeResources/LandscapeLayerUsageMaterial.uasset" 192
"../../../Engine/Content/EditorLandscapeResources/LandscapeLayerUsageMaterial.uexp" 193
"../../../Engine/Content/EditorLandscapeResources/LandscapeDirtyMaterial.uasset" 194
"../../../Engine/Content/EditorLandscapeResources/LandscapeDirtyMaterial.uexp" 195
"../../../Engine/Content/EditorLandscapeResources/ColorMaskBrushMaterial.uasset" 196
"../../../Engine/Content/EditorLandscapeResources/ColorMaskBrushMaterial.uexp" 197
"../../../Engine/Content/EditorLandscapeResources/ColorMaskBrushMaterial_MaskedRegion.uasset" 198
"../../../Engine/Content/EditorLandscapeResources/ColorMaskBrushMaterial_MaskedRegion.uexp" 199
"../../../Engine/Content/BasicShapes/Plane.uasset" 200
"../../../Engine/Content/BasicShapes/Plane.uexp" 201
"../../../Engine/Content/EngineMaterials/DefaultMaterial.uasset" 202
"../../../Engine/Content/EngineMaterials/DefaultMaterial.uexp" 203
"../../../Engine/Content/BasicShapes/Cone.uasset" 204
"../../../Engine/Content/BasicShapes/Cone.uexp" 205
"../../../Engine/Plugins/Animation/ControlRig/Content/Controls/ControlRig_Wedge_solid.uasset" 206
"../../../Engine/Plugins/Animation/ControlRig/Content/Controls/ControlRig_Wedge_solid.uexp" 207
"../../../Engine/Plugins/Animation/ControlRig/Content/Controls/ControlRig_Wedge_3mm.uasset" 208
"../../../Engine/Plugins/Animation/ControlRig/Content/Controls/ControlRig_Wedge_3mm.uexp" 209
"../../../Engine/Plugins/Animation/ControlRig/Content/Controls/ControlRig_Wedge_1mm.uasset" 210
"../../../Engine/Plugins/Animation/ControlRig/Content/Controls/ControlRig_Wedge_1mm.uexp" 211
"../../../Engine/Plugins/Animation/ControlRig/Content/Controls/ControlRig_Triangle_solid.uasset" 212
"../../../Engine/Plugins/Animation/ControlRig/Content/Controls/ControlRig_Triangle_solid.uexp" 213
"../../../Engine/Plugins/Animation/ControlRig/Content/Controls/ControlRig_Triangle_3mm.uasset" 214
"../../../Engine/Plugins/Animation/ControlRig/Content/Controls/ControlRig_Triangle_3mm.uexp" 215
"../../../Engine/Plugins/Animation/ControlRig/Content/Controls/ControlRig_Triangle_1mm.uasset" 216
"../../../Engine/Plugins/Animation/ControlRig/Content/Controls/ControlRig_Triangle_1mm.uexp" 217
"../../../Engine/Plugins/Animation/ControlRig/Content/Controls/ControlRig_Star4_solid.uasset" 218
"../../../Engine/Plugins/Animation/ControlRig/Content/Controls/ControlRig_Star4_solid.uexp" 219
"../../../Engine/Plugins/Animation/ControlRig/Content/Controls/ControlRig_Star4_3mm.uasset" 220
"../../../Engine/Plugins/Animation/ControlRig/Content/Controls/ControlRig_Star4_3mm.uexp" 221
"../../../Engine/Plugins/Animation/ControlRig/Content/Controls/ControlRig_Star4_1mm.uasset" 222
"../../../Engine/Plugins/Animation/ControlRig/Content/Controls/ControlRig_Star4_1mm.uexp" 223
"../../../Engine/Plugins/Animation/ControlRig/Content/Controls/ControlRig_Square_solid.uasset" 224
"../../../Engine/Plugins/Animation/ControlRig/Content/Controls/ControlRig_Square_solid.uexp" 225
"../../../Engine/Plugins/Animation/ControlRig/Content/Controls/ControlRig_Square_3mm.uasset" 226
"../../../Engine/Plugins/Animation/ControlRig/Content/Controls/ControlRig_Square_3mm.uexp" 227
"../../../Engine/Plugins/Animation/ControlRig/Content/Controls/ControlRig_Square_1mm.uasset" 228
"../../../Engine/Plugins/Animation/ControlRig/Content/Controls/ControlRig_Square_1mm.uexp" 229
"../../../Engine/Plugins/Animation/ControlRig/Content/Controls/ControlRig_Sphere_solid.uasset" 230
"../../../Engine/Plugins/Animation/ControlRig/Content/Controls/ControlRig_Sphere_solid.uexp" 231
"../../../Engine/Plugins/Animation/ControlRig/Content/Controls/ControlRig_Sphere_3mm.uasset" 232
"../../../Engine/Plugins/Animation/ControlRig/Content/Controls/ControlRig_Sphere_3mm.uexp" 233
"../../../Engine/Plugins/Animation/ControlRig/Content/Controls/ControlRig_Sphere_1mm.uasset" 234
"../../../Engine/Plugins/Animation/ControlRig/Content/Controls/ControlRig_Sphere_1mm.uexp" 235
"../../../Engine/Plugins/Animation/ControlRig/Content/Controls/ControlRig_RoundedTriangle_solid.uasset" 236
"../../../Engine/Plugins/Animation/ControlRig/Content/Controls/ControlRig_RoundedTriangle_solid.uexp" 237
"../../../Engine/Plugins/Animation/ControlRig/Content/Controls/ControlRig_RoundedTriangle_3mm.uasset" 238
"../../../Engine/Plugins/Animation/ControlRig/Content/Controls/ControlRig_RoundedTriangle_3mm.uexp" 239
"../../../Engine/Plugins/Animation/ControlRig/Content/Controls/ControlRig_RoundedTriangle_1mm.uasset" 240
"../../../Engine/Plugins/Animation/ControlRig/Content/Controls/ControlRig_RoundedTriangle_1mm.uexp" 241
"../../../Engine/Plugins/Animation/ControlRig/Content/Controls/ControlRig_RoundedSquare_solid.uasset" 242
"../../../Engine/Plugins/Animation/ControlRig/Content/Controls/ControlRig_RoundedSquare_solid.uexp" 243
"../../../Engine/Plugins/Animation/ControlRig/Content/Controls/ControlRig_RoundedSquare_3mm.uasset" 244
"../../../Engine/Plugins/Animation/ControlRig/Content/Controls/ControlRig_RoundedSquare_3mm.uexp" 245
"../../../Engine/Plugins/Animation/ControlRig/Content/Controls/ControlRig_RoundedSquare_1mm.uasset" 246
"../../../Engine/Plugins/Animation/ControlRig/Content/Controls/ControlRig_RoundedSquare_1mm.uexp" 247
"../../../Engine/Plugins/Animation/ControlRig/Content/Controls/ControlRig_QuarterCircle_solid.uasset" 248
"../../../Engine/Plugins/Animation/ControlRig/Content/Controls/ControlRig_QuarterCircle_solid.uexp" 249
"../../../Engine/Plugins/Animation/ControlRig/Content/Controls/ControlRig_QuarterCircle_3mm.uasset" 250
"../../../Engine/Plugins/Animation/ControlRig/Content/Controls/ControlRig_QuarterCircle_3mm.uexp" 251
"../../../Engine/Plugins/Animation/ControlRig/Content/Controls/ControlRig_QuarterCircle_1mm.uasset" 252
"../../../Engine/Plugins/Animation/ControlRig/Content/Controls/ControlRig_QuarterCircle_1mm.uexp" 253
"../../../Engine/Plugins/Animation/ControlRig/Content/Controls/ControlRig_Pyramid_solid.uasset" 254
"../../../Engine/Plugins/Animation/ControlRig/Content/Controls/ControlRig_Pyramid_solid.uexp" 255
"../../../Engine/Plugins/Animation/ControlRig/Content/Controls/ControlRig_Pyramid_3mm.uasset" 256
"../../../Engine/Plugins/Animation/ControlRig/Content/Controls/ControlRig_Pyramid_3mm.uexp" 257
"../../../Engine/Plugins/Animation/ControlRig/Content/Controls/ControlRig_Pyramid_1mm.uasset" 258
"../../../Engine/Plugins/Animation/ControlRig/Content/Controls/ControlRig_Pyramid_1mm.uexp" 259
"../../../Engine/Plugins/Animation/ControlRig/Content/Controls/ControlRig_Octagon_solid.uasset" 260
"../../../Engine/Plugins/Animation/ControlRig/Content/Controls/ControlRig_Octagon_solid.uexp" 261
"../../../Engine/Plugins/Animation/ControlRig/Content/Controls/ControlRig_Octagon_3mm.uasset" 262
"../../../Engine/Plugins/Animation/ControlRig/Content/Controls/ControlRig_Octagon_3mm.uexp" 263
"../../../Engine/Plugins/Animation/ControlRig/Content/Controls/ControlRig_Octagon_1mm.uasset" 264
"../../../Engine/Plugins/Animation/ControlRig/Content/Controls/ControlRig_Octagon_1mm.uexp" 265
"../../../Engine/Plugins/Animation/ControlRig/Content/Controls/ControlRig_Hexagon_solid.uasset" 266
"../../../Engine/Plugins/Animation/ControlRig/Content/Controls/ControlRig_Hexagon_solid.uexp" 267
"../../../Engine/Plugins/Animation/ControlRig/Content/Controls/ControlRig_Hexagon_3mm.uasset" 268
"../../../Engine/Plugins/Animation/ControlRig/Content/Controls/ControlRig_Hexagon_3mm.uexp" 269
"../../../Engine/Plugins/Animation/ControlRig/Content/Controls/ControlRig_Hexagon_1mm.uasset" 270
"../../../Engine/Plugins/Animation/ControlRig/Content/Controls/ControlRig_Hexagon_1mm.uexp" 271
"../../../Engine/Plugins/Animation/ControlRig/Content/Controls/ControlRig_HalfCircle_solid.uasset" 272
"../../../Engine/Plugins/Animation/ControlRig/Content/Controls/ControlRig_HalfCircle_solid.uexp" 273
"../../../Engine/Plugins/Animation/ControlRig/Content/Controls/ControlRig_HalfCircle_3mm.uasset" 274
"../../../Engine/Plugins/Animation/ControlRig/Content/Controls/ControlRig_HalfCircle_3mm.uexp" 275
"../../../Engine/Plugins/Animation/ControlRig/Content/Controls/ControlRig_HalfCircle_1mm.uasset" 276
"../../../Engine/Plugins/Animation/ControlRig/Content/Controls/ControlRig_HalfCircle_1mm.uexp" 277
"../../../Engine/Plugins/Animation/ControlRig/Content/Controls/ControlRig_Diamond_solid.uasset" 278
"../../../Engine/Plugins/Animation/ControlRig/Content/Controls/ControlRig_Diamond_solid.uexp" 279
"../../../Engine/Plugins/Animation/ControlRig/Content/Controls/ControlRig_Diamond_3mm.uasset" 280
"../../../Engine/Plugins/Animation/ControlRig/Content/Controls/ControlRig_Diamond_3mm.uexp" 281
"../../../Engine/Plugins/Animation/ControlRig/Content/Controls/ControlRig_Diamond_1mm.uasset" 282
"../../../Engine/Plugins/Animation/ControlRig/Content/Controls/ControlRig_Diamond_1mm.uexp" 283
"../../../Engine/Plugins/Animation/ControlRig/Content/Controls/ControlRig_Circle_solid.uasset" 284
"../../../Engine/Plugins/Animation/ControlRig/Content/Controls/ControlRig_Circle_solid.uexp" 285
"../../../Engine/Plugins/Animation/ControlRig/Content/Controls/ControlRig_Circle_3mm.uasset" 286
"../../../Engine/Plugins/Animation/ControlRig/Content/Controls/ControlRig_Circle_3mm.uexp" 287
"../../../Engine/Plugins/Animation/ControlRig/Content/Controls/ControlRig_Circle_1mm.uasset" 288
"../../../Engine/Plugins/Animation/ControlRig/Content/Controls/ControlRig_Circle_1mm.uexp" 289
"../../../Engine/Plugins/Animation/ControlRig/Content/Controls/ControlRig_Box_solid.uasset" 290
"../../../Engine/Plugins/Animation/ControlRig/Content/Controls/ControlRig_Box_solid.uexp" 291
"../../../Engine/Plugins/Animation/ControlRig/Content/Controls/ControlRig_Box_3mm.uasset" 292
"../../../Engine/Plugins/Animation/ControlRig/Content/Controls/ControlRig_Box_3mm.uexp" 293
"../../../Engine/Plugins/Animation/ControlRig/Content/Controls/ControlRig_Box_1mm.uasset" 294
"../../../Engine/Plugins/Animation/ControlRig/Content/Controls/ControlRig_Box_1mm.uexp" 295
"../../../Engine/Plugins/Animation/ControlRig/Content/Controls/ControlRig_Arrow_solid.uasset" 296
"../../../Engine/Plugins/Animation/ControlRig/Content/Controls/ControlRig_Arrow_solid.uexp" 297
"../../../Engine/Plugins/Animation/ControlRig/Content/Controls/ControlRig_Arrow_3mm.uasset" 298
"../../../Engine/Plugins/Animation/ControlRig/Content/Controls/ControlRig_Arrow_3mm.uexp" 299
"../../../Engine/Plugins/Animation/ControlRig/Content/Controls/ControlRig_Arrow_1mm.uasset" 300
"../../../Engine/Plugins/Animation/ControlRig/Content/Controls/ControlRig_Arrow_1mm.uexp" 301
"../../../Engine/Plugins/Animation/ControlRig/Content/Controls/ControlRig_Arrow4_solid.uasset" 302
"../../../Engine/Plugins/Animation/ControlRig/Content/Controls/ControlRig_Arrow4_solid.uexp" 303
"../../../Engine/Plugins/Animation/ControlRig/Content/Controls/ControlRig_Arrow4_3mm.uasset" 304
"../../../Engine/Plugins/Animation/ControlRig/Content/Controls/ControlRig_Arrow4_3mm.uexp" 305
"../../../Engine/Plugins/Animation/ControlRig/Content/Controls/ControlRig_Arrow4_1mm.uasset" 306
"../../../Engine/Plugins/Animation/ControlRig/Content/Controls/ControlRig_Arrow4_1mm.uexp" 307
"../../../Engine/Plugins/Animation/ControlRig/Content/Controls/ControlRig_Arrow2_solid.uasset" 308
"../../../Engine/Plugins/Animation/ControlRig/Content/Controls/ControlRig_Arrow2_solid.uexp" 309
"../../../Engine/Plugins/Animation/ControlRig/Content/Controls/ControlRig_Arrow2_3mm.uasset" 310
"../../../Engine/Plugins/Animation/ControlRig/Content/Controls/ControlRig_Arrow2_3mm.uexp" 311
"../../../Engine/Plugins/Animation/ControlRig/Content/Controls/ControlRig_Arrow2_1mm.uasset" 312
"../../../Engine/Plugins/Animation/ControlRig/Content/Controls/ControlRig_Arrow2_1mm.uexp" 313
"../../../Engine/Plugins/Animation/ControlRig/Content/Controls/ControlRigXRayMaterial.uasset" 314
"../../../Engine/Plugins/Animation/ControlRig/Content/Controls/ControlRigXRayMaterial.uexp" 315
"../../../Engine/Plugins/Animation/ControlRig/Content/Controls/ControlRigGizmoMaterial.uasset" 316
"../../../Engine/Plugins/Animation/ControlRig/Content/Controls/ControlRigGizmoMaterial.uexp" 317
"../../../Engine/Content/EngineResources/WhiteSquareTexture.uasset" 318
"../../../Engine/Content/EngineResources/WhiteSquareTexture.uexp" 319
"../../../Engine/Content/EngineMaterials/Widget3DPassThrough.uasset" 320
"../../../Engine/Content/EngineMaterials/Widget3DPassThrough.uexp" 321
"../../../Engine/Content/EngineMaterials/Widget3DPassThrough_Translucent.uasset" 322
"../../../Engine/Content/EngineMaterials/Widget3DPassThrough_Translucent.uexp" 323
"../../../Engine/Content/EngineMaterials/Widget3DPassThrough_Translucent_OneSided.uasset" 324
"../../../Engine/Content/EngineMaterials/Widget3DPassThrough_Translucent_OneSided.uexp" 325
"../../../Engine/Content/EngineMaterials/Widget3DPassThrough_Opaque.uasset" 326
"../../../Engine/Content/EngineMaterials/Widget3DPassThrough_Opaque.uexp" 327
"../../../Engine/Content/EngineMaterials/Widget3DPassThrough_Opaque_OneSided.uasset" 328
"../../../Engine/Content/EngineMaterials/Widget3DPassThrough_Opaque_OneSided.uexp" 329
"../../../Engine/Content/EngineMaterials/Widget3DPassThrough_Masked_OneSided.uasset" 330
"../../../Engine/Content/EngineMaterials/Widget3DPassThrough_Masked_OneSided.uexp" 331
"../../../Engine/Content/EngineMaterials/Widget3DPassThrough_Masked.uasset" 332
"../../../Engine/Content/EngineMaterials/Widget3DPassThrough_Masked.uexp" 333
"../../../Engine/Content/EngineMaterials/WeightMapPlaceholderTexture.uasset" 334
"../../../Engine/Content/EngineMaterials/WeightMapPlaceholderTexture.uexp" 335
"../../../Engine/Content/EngineMaterials/WeightMapArrayPlaceholderTexture.uasset" 336
"../../../Engine/Content/EngineMaterials/WeightMapArrayPlaceholderTexture.uexp" 337
"../../../Engine/Content/EngineMaterials/RemoveSurfaceMaterial.uasset" 338
"../../../Engine/Content/EngineMaterials/RemoveSurfaceMaterial.uexp" 339
"../../../Engine/Content/EngineMaterials/PreintegratedSkinBRDF.uasset" 340
"../../../Engine/Content/EngineMaterials/PreintegratedSkinBRDF.uexp" 341
"../../../Engine/Content/EngineMaterials/DefaultCalibrationGrayscale.uasset" 342
"../../../Engine/Content/EngineMaterials/DefaultCalibrationGrayscale.uexp" 343
"../../../Engine/Content/EngineMaterials/PPM_DefaultCalibrationGrayscale.uasset" 344
"../../../Engine/Content/EngineMaterials/PPM_DefaultCalibrationGrayscale.uexp" 345
"../../../Engine/Content/EngineMaterials/DefaultCalibrationColor.uasset" 346
"../../../Engine/Content/EngineMaterials/DefaultCalibrationColor.uexp" 347
"../../../Engine/Content/EngineMaterials/PPM_DefaultCalibrationColor.uasset" 348
"../../../Engine/Content/EngineMaterials/PPM_DefaultCalibrationColor.uexp" 349
"../../../Engine/Content/EngineMaterials/PhAT_JointLimitMaterial.uasset" 350
"../../../Engine/Content/EngineMaterials/PhAT_JointLimitMaterial.uexp" 351
"../../../Engine/Content/EngineMaterials/NaniteHiddenSectionMaterial.uasset" 352
"../../../Engine/Content/EngineMaterials/NaniteHiddenSectionMaterial.uexp" 353
"../../../Engine/Content/EngineMaterials/InvalidLightmapSettings.ubulk" 354
"../../../Engine/Content/EngineMaterials/InvalidLightmapSettings.uasset" 355
"../../../Engine/Content/EngineMaterials/InvalidLightmapSettings.uexp" 356
"../../../Engine/Content/EngineMaterials/M_InvalidLightmapSettings.uasset" 357
"../../../Engine/Content/EngineMaterials/M_InvalidLightmapSettings.uexp" 358
"../../../Engine/Content/EngineMaterials/MiniFont.uasset" 359
"../../../Engine/Content/EngineMaterials/MiniFont.uexp" 360
"../../../Engine/Content/EngineMaterials/GizmoMaterial.uasset" 361
"../../../Engine/Content/EngineMaterials/GizmoMaterial.uexp" 362
"../../../Engine/Content/EngineMaterials/BaseFlattenDiffuseMap_VT.ubulk" 363
"../../../Engine/Content/EngineMaterials/BaseFlattenDiffuseMap_VT.uasset" 364
"../../../Engine/Content/EngineMaterials/BaseFlattenDiffuseMap_VT.uexp" 365
"../../../Engine/Content/EngineMaterials/BaseFlattenEmissiveMap_VT.ubulk" 366
"../../../Engine/Content/EngineMaterials/BaseFlattenEmissiveMap_VT.uasset" 367
"../../../Engine/Content/EngineMaterials/BaseFlattenEmissiveMap_VT.uexp" 368
"../../../Engine/Content/EngineMaterials/BaseFlattenGrayscaleMap_VT.ubulk" 369
"../../../Engine/Content/EngineMaterials/BaseFlattenGrayscaleMap_VT.uasset" 370
"../../../Engine/Content/EngineMaterials/BaseFlattenGrayscaleMap_VT.uexp" 371
"../../../Engine/Content/EngineMaterials/BaseFlattenLinearColor_VT.ubulk" 372
"../../../Engine/Content/EngineMaterials/BaseFlattenLinearColor_VT.uasset" 373
"../../../Engine/Content/EngineMaterials/BaseFlattenLinearColor_VT.uexp" 374
"../../../Engine/Content/EngineMaterials/BaseFlattenNormalMap_VT.ubulk" 375
"../../../Engine/Content/EngineMaterials/BaseFlattenNormalMap_VT.uasset" 376
"../../../Engine/Content/EngineMaterials/BaseFlattenNormalMap_VT.uexp" 377
"../../../Engine/Content/EngineMaterials/Black_1x1_EXR_Texture_VT.ubulk" 378
"../../../Engine/Content/EngineMaterials/Black_1x1_EXR_Texture_VT.uasset" 379
"../../../Engine/Content/EngineMaterials/Black_1x1_EXR_Texture_VT.uexp" 380
"../../../Engine/Content/EngineMaterials/FlattenMaterial_WS_Normal_VT.uasset" 381
"../../../Engine/Content/EngineMaterials/FlattenMaterial_WS_Normal_VT.uexp" 382
"../../../Engine/Content/EngineMaterials/FlattenMaterial_VT.uasset" 383
"../../../Engine/Content/EngineMaterials/FlattenMaterial_VT.uexp" 384
"../../../Engine/Content/EngineMaterials/BaseFlattenLinearColor.uasset" 385
"../../../Engine/Content/EngineMaterials/BaseFlattenLinearColor.uexp" 386
"../../../Engine/Content/EngineMaterials/BaseFlattenNormalMap.uasset" 387
"../../../Engine/Content/EngineMaterials/BaseFlattenNormalMap.uexp" 388
"../../../Engine/Content/EngineMaterials/BaseFlattenDiffuseMap.uasset" 389
"../../../Engine/Content/EngineMaterials/BaseFlattenDiffuseMap.uexp" 390
"../../../Engine/Content/EngineMaterials/BaseFlattenEmissiveMap.uasset" 391
"../../../Engine/Content/EngineMaterials/BaseFlattenEmissiveMap.uexp" 392
"../../../Engine/Content/EngineMaterials/BaseFlattenGrayscaleMap.uasset" 393
"../../../Engine/Content/EngineMaterials/BaseFlattenGrayscaleMap.uexp" 394
"../../../Engine/Content/Functions/Engine_MaterialFunctions02/PivotPainter2/Black_1x1_EXR_Texture.uasset" 395
"../../../Engine/Content/Functions/Engine_MaterialFunctions02/PivotPainter2/Black_1x1_EXR_Texture.uexp" 396
"../../../Engine/Content/EngineMaterials/FlattenMaterial.uasset" 397
"../../../Engine/Content/EngineMaterials/FlattenMaterial.uexp" 398
"../../../Engine/Content/EngineMaterials/FastBlueNoise_vec2_128x128x64.uasset" 399
"../../../Engine/Content/EngineMaterials/FastBlueNoise_vec2_128x128x64.uexp" 400
"../../../Engine/Content/EngineMaterials/FastBlueNoise_scalar_128x128x8.uasset" 401
"../../../Engine/Content/EngineMaterials/FastBlueNoise_scalar_128x128x8.uexp" 402
"../../../Engine/Content/EngineMaterials/FastBlueNoise_scalar_128x128x64.uasset" 403
"../../../Engine/Content/EngineMaterials/FastBlueNoise_scalar_128x128x64.uexp" 404
"../../../Engine/Content/EngineMaterials/DefaultWhiteGrid_Low.uasset" 405
"../../../Engine/Content/EngineMaterials/DefaultWhiteGrid_Low.uexp" 406
"../../../Engine/Content/EngineMaterials/EmissiveMeshMaterial.uasset" 407
"../../../Engine/Content/EngineMaterials/EmissiveMeshMaterial.uexp" 408
"../../../Engine/Content/EngineMaterials/DefaultWhiteGrid.ubulk" 409
"../../../Engine/Content/EngineMaterials/DefaultWhiteGrid.uasset" 410
"../../../Engine/Content/EngineMaterials/DefaultWhiteGrid.uexp" 411
"../../../Engine/Content/EngineFonts/RobotoDistanceField.uasset" 412
"../../../Engine/Content/EngineFonts/RobotoDistanceField.uexp" 413
"../../../Engine/Content/EngineMaterials/DefaultTextMaterialOpaque.uasset" 414
"../../../Engine/Content/EngineMaterials/DefaultTextMaterialOpaque.uexp" 415
"../../../Engine/Content/EngineMaterials/DefaultPostProcessMaterial.uasset" 416
"../../../Engine/Content/EngineMaterials/DefaultPostProcessMaterial.uexp" 417
"../../../Engine/Content/EngineMaterials/DefaultLightFunctionMaterial.uasset" 418
"../../../Engine/Content/EngineMaterials/DefaultLightFunctionMaterial.uexp" 419
"../../../Engine/Content/EngineMaterials/DefaultDeferredDecalMaterial.uasset" 420
"../../../Engine/Content/EngineMaterials/DefaultDeferredDecalMaterial.uexp" 421
"../../../Engine/Content/EngineMaterials/DefaultBokeh.uasset" 422
"../../../Engine/Content/EngineMaterials/DefaultBokeh.uexp" 423
"../../../Engine/Content/EngineMaterials/DefaultBloomKernel.uasset" 424
"../../../Engine/Content/EngineMaterials/DefaultBloomKernel.uexp" 425
"../../../Engine/Content/Functions/Engine_MaterialFunctions02/Utility/CameraDirectionVector.uasset" 426
"../../../Engine/Content/Functions/Engine_MaterialFunctions02/Utility/CameraDirectionVector.uexp" 427
"../../../Engine/Content/EngineDebugMaterials/VolumeToRender.uasset" 428
"../../../Engine/Content/EngineDebugMaterials/VolumeToRender.uexp" 429
"../../../Engine/Content/EngineDebugMaterials/M_VolumeRenderSphereTracePP.uasset" 430
"../../../Engine/Content/EngineDebugMaterials/M_VolumeRenderSphereTracePP.uexp" 431
"../../../Engine/Content/EngineDebugMaterials/M_SimpleUnlitTranslucent.uasset" 432
"../../../Engine/Content/EngineDebugMaterials/M_SimpleUnlitTranslucent.uexp" 433
"../../../Engine/Content/EngineDebugMaterials/DebugMeshMaterial.uasset" 434
"../../../Engine/Content/EngineDebugMaterials/DebugMeshMaterial.uexp" 435
"../../../Engine/Content/EngineDebugMaterials/DebugEditorMaterial.uasset" 436
"../../../Engine/Content/EngineDebugMaterials/DebugEditorMaterial.uexp" 437
"../../../Engine/Content/EngineDamageTypes/DmgTypeBP_Environmental.uasset" 438
"../../../Engine/Content/EngineDamageTypes/DmgTypeBP_Environmental.uexp" 439
"../../../Engine/Content/EditorResources/S_Terrain.ubulk" 440
"../../../Engine/Content/EditorResources/S_Terrain.uasset" 441
"../../../Engine/Content/EditorResources/S_Terrain.uexp" 442
"../../../Engine/Content/EditorResources/S_Solver.ubulk" 443
"../../../Engine/Content/EditorResources/S_Solver.uasset" 444
"../../../Engine/Content/EditorResources/S_Solver.uexp" 445
"../../../Engine/Content/EditorResources/BSPVertex.uasset" 446
"../../../Engine/Content/EditorResources/BSPVertex.uexp" 447
"../../../Engine/Content/EditorMaterials/PreviewShadowIndicator.ubulk" 448
"../../../Engine/Content/EditorMaterials/PreviewShadowIndicator.uasset" 449
"../../../Engine/Content/EditorMaterials/PreviewShadowIndicator.uexp" 450
"../../../Engine/Content/EditorMaterials/PreviewShadowIndicatorMaterial.uasset" 451
"../../../Engine/Content/EditorMaterials/PreviewShadowIndicatorMaterial.uexp" 452
"../../../Engine/Content/EditorMaterials/PhAT_UnselectedMaterial.uasset" 453
"../../../Engine/Content/EditorMaterials/PhAT_UnselectedMaterial.uexp" 454
"../../../Engine/Content/EditorMaterials/PhAT_NoCollisionMaterial.uasset" 455
"../../../Engine/Content/EditorMaterials/PhAT_NoCollisionMaterial.uexp" 456
"../../../Engine/Plugins/VirtualProduction/CameraCalibrationCore/Content/Materials/M_DefaultOddSquare.uasset" 457
"../../../Engine/Plugins/VirtualProduction/CameraCalibrationCore/Content/Materials/M_DefaultOddSquare.uexp" 458
"../../../Engine/Plugins/VirtualProduction/CameraCalibrationCore/Content/Materials/M_DefaultEvenSquare.uasset" 459
"../../../Engine/Plugins/VirtualProduction/CameraCalibrationCore/Content/Materials/M_DefaultEvenSquare.uexp" 460
"../../../Engine/Plugins/Runtime/HairStrands/Content/Materials/HairMeshesDefaultMaterial.uasset" 461
"../../../Engine/Plugins/Runtime/HairStrands/Content/Materials/HairMeshesDefaultMaterial.uexp" 462
"../../../Engine/Plugins/Runtime/HairStrands/Content/Materials/HairDefaultMaterial.uasset" 463
"../../../Engine/Plugins/Runtime/HairStrands/Content/Materials/HairDefaultMaterial.uexp" 464
"../../../Engine/Content/Functions/Engine_MaterialFunctions02/Utility/MakeFloat2.uasset" 465
"../../../Engine/Content/Functions/Engine_MaterialFunctions02/Utility/MakeFloat2.uexp" 466
"../../../Engine/Content/EngineMaterials/HairDebugColor.uasset" 467
"../../../Engine/Content/EngineMaterials/HairDebugColor.uexp" 468
"../../../Engine/Content/EngineMaterials/HairColorMap.uasset" 469
"../../../Engine/Content/EngineMaterials/HairColorMap.uexp" 470
"../../../Engine/Plugins/Runtime/HairStrands/Content/Materials/HairGroupColors.uasset" 471
"../../../Engine/Plugins/Runtime/HairStrands/Content/Materials/HairGroupColors.uexp" 472
"../../../Engine/Plugins/Runtime/HairStrands/Content/Materials/HairDebugMaterial.uasset" 473
"../../../Engine/Plugins/Runtime/HairStrands/Content/Materials/HairDebugMaterial.uexp" 474
"../../../Engine/Plugins/Runtime/HairStrands/Content/Materials/HairCardsDefaultMaterial.uasset" 475
"../../../Engine/Plugins/Runtime/HairStrands/Content/Materials/HairCardsDefaultMaterial.uexp" 476
"../../../Engine/Plugins/Runtime/AudioWidgets/Content/Resources/ScrubHandleDown_Clamped.uasset" 477
"../../../Engine/Plugins/Runtime/AudioWidgets/Content/Resources/ScrubHandleDown_Clamped.uexp" 478
"../../../Engine/Plugins/Interchange/Assets/Content/Functions/MX_UsdPreviewSurface.uasset" 479
"../../../Engine/Plugins/Interchange/Assets/Content/Functions/MX_UsdPreviewSurface.uexp" 480
"../../../Engine/Plugins/Interchange/Assets/Content/Functions/MX_UniformEDF.uasset" 481
"../../../Engine/Plugins/Interchange/Assets/Content/Functions/MX_UniformEDF.uexp" 482
"../../../Engine/Plugins/Interchange/Assets/Content/Functions/MX_TranslucentBSDF.uasset" 483
"../../../Engine/Plugins/Interchange/Assets/Content/Functions/MX_TranslucentBSDF.uexp" 484
"../../../Engine/Plugins/Interchange/Assets/Content/Functions/MX_ThinFilmBSDF.uasset" 485
"../../../Engine/Plugins/Interchange/Assets/Content/Functions/MX_ThinFilmBSDF.uexp" 486
"../../../Engine/Plugins/Interchange/Assets/Content/Functions/MX_SurfaceUnlit.uasset" 487
"../../../Engine/Plugins/Interchange/Assets/Content/Functions/MX_SurfaceUnlit.uexp" 488
"../../../Engine/Plugins/Interchange/Assets/Content/Functions/MX_Surface.uasset" 489
"../../../Engine/Plugins/Interchange/Assets/Content/Functions/MX_Surface.uexp" 490
"../../../Engine/Plugins/Interchange/Assets/Content/Functions/MX_SubsurfaceBSDF.uasset" 491
"../../../Engine/Plugins/Interchange/Assets/Content/Functions/MX_SubsurfaceBSDF.uexp" 492
"../../../Engine/Plugins/Interchange/Assets/Content/Functions/MX_SheenBSDF.uasset" 493
"../../../Engine/Plugins/Interchange/Assets/Content/Functions/MX_SheenBSDF.uexp" 494
"../../../Engine/Plugins/Interchange/Assets/Content/Functions/MX_OrenNayarBSDF.uasset" 495
"../../../Engine/Plugins/Interchange/Assets/Content/Functions/MX_OrenNayarBSDF.uexp" 496
"../../../Engine/Plugins/Interchange/Assets/Content/Functions/MF_IridescenceNoLUT.uasset" 497
"../../../Engine/Plugins/Interchange/Assets/Content/Functions/MF_IridescenceNoLUT.uexp" 498
"../../../Engine/Plugins/Interchange/Assets/Content/Functions/MX_StandardSurface.uasset" 499
"../../../Engine/Plugins/Interchange/Assets/Content/Functions/MX_StandardSurface.uexp" 500
"../../../Engine/Plugins/Interchange/Assets/Content/Functions/MX_TransmissionSurface.uasset" 501
"../../../Engine/Plugins/Interchange/Assets/Content/Functions/MX_TransmissionSurface.uexp" 502
"../../../Engine/Plugins/Interchange/Assets/Content/Functions/MX_OpenPBR_Translucent.uasset" 503
"../../../Engine/Plugins/Interchange/Assets/Content/Functions/MX_OpenPBR_Translucent.uexp" 504
"../../../Engine/Plugins/Interchange/Assets/Content/Functions/MX_OpenPBR_Opaque.uasset" 505
"../../../Engine/Plugins/Interchange/Assets/Content/Functions/MX_OpenPBR_Opaque.uexp" 506
"../../../Engine/Plugins/Interchange/Assets/Content/Functions/MX_MeasuredEDF.uasset" 507
"../../../Engine/Plugins/Interchange/Assets/Content/Functions/MX_MeasuredEDF.uexp" 508
"../../../Engine/Plugins/Interchange/Assets/Content/Functions/MX_GeneralizedSchlickBSDF.uasset" 509
"../../../Engine/Plugins/Interchange/Assets/Content/Functions/MX_GeneralizedSchlickBSDF.uexp" 510
"../../../Engine/Content/Functions/Engine_MaterialFunctions02/Utility/BlendAngleCorrectedNormals.uasset" 511
"../../../Engine/Content/Functions/Engine_MaterialFunctions02/Utility/BlendAngleCorrectedNormals.uexp" 512
"../../../Engine/Plugins/Interchange/Assets/Content/Functions/MX_Displacement.uasset" 513
"../../../Engine/Plugins/Interchange/Assets/Content/Functions/MX_Displacement.uexp" 514
"../../../Engine/Plugins/Interchange/Assets/Content/Functions/MX_DielectricBSDF.uasset" 515
"../../../Engine/Plugins/Interchange/Assets/Content/Functions/MX_DielectricBSDF.uexp" 516
"../../../Engine/Plugins/Interchange/Assets/Content/Functions/MX_ConicalEDF.uasset" 517
"../../../Engine/Plugins/Interchange/Assets/Content/Functions/MX_ConicalEDF.uexp" 518
"../../../Engine/Plugins/Interchange/Assets/Content/Functions/MX_ConductorBSDF.uasset" 519
"../../../Engine/Plugins/Interchange/Assets/Content/Functions/MX_ConductorBSDF.uexp" 520
"../../../Engine/Plugins/Interchange/Assets/Content/Functions/MX_BurleyDiffuseBSDF.uasset" 521
"../../../Engine/Plugins/Interchange/Assets/Content/Functions/MX_BurleyDiffuseBSDF.uexp" 522
"../../../Engine/Plugins/Interchange/Assets/Content/Functions/MX_AnisotropicVDF.uasset" 523
"../../../Engine/Plugins/Interchange/Assets/Content/Functions/MX_AnisotropicVDF.uexp" 524
"../../../Engine/Plugins/Interchange/Assets/Content/Functions/MX_AbsorptionVDF.uasset" 525
"../../../Engine/Plugins/Interchange/Assets/Content/Functions/MX_AbsorptionVDF.uexp" 526
"../../../Engine/Content/Functions/Engine_MaterialFunctions02/Utility/VectorLength.uasset" 527
"../../../Engine/Content/Functions/Engine_MaterialFunctions02/Utility/VectorLength.uexp" 528
"../../../Engine/Content/Functions/Engine_MaterialFunctions02/Utility/BreakOutFloat3Components.uasset" 529
"../../../Engine/Content/Functions/Engine_MaterialFunctions02/Utility/BreakOutFloat3Components.uexp" 530
"../../../Engine/Content/Functions/Engine_MaterialFunctions02/WorldPositionOffset/ObjectScale.uasset" 531
"../../../Engine/Content/Functions/Engine_MaterialFunctions02/WorldPositionOffset/ObjectScale.uexp" 532
"../../../Engine/Content/Functions/Engine_MaterialFunctions02/SafeNormalize.uasset" 533
"../../../Engine/Content/Functions/Engine_MaterialFunctions02/SafeNormalize.uexp" 534
"../../../Engine/Plugins/Editor/SpeedTreeImporter/Content/SpeedTree9/UnpackInteger3.uasset" 535
"../../../Engine/Plugins/Editor/SpeedTreeImporter/Content/SpeedTree9/UnpackInteger3.uexp" 536
"../../../Engine/Plugins/Editor/SpeedTreeImporter/Content/SpeedTree9/UnpackDirection.uasset" 537
"../../../Engine/Plugins/Editor/SpeedTreeImporter/Content/SpeedTree9/UnpackDirection.uexp" 538
"../../../Engine/Plugins/Editor/SpeedTreeImporter/Content/SpeedTree9/game_wind_noise.ubulk" 539
"../../../Engine/Plugins/Editor/SpeedTreeImporter/Content/SpeedTree9/game_wind_noise.uasset" 540
"../../../Engine/Plugins/Editor/SpeedTreeImporter/Content/SpeedTree9/game_wind_noise.uexp" 541
"../../../Engine/Plugins/Editor/SpeedTreeImporter/Content/SpeedTree9/SpeedTreeWindMotion.uasset" 542
"../../../Engine/Plugins/Editor/SpeedTreeImporter/Content/SpeedTree9/SpeedTreeWindMotion.uexp" 543
"../../../Engine/Plugins/Editor/SpeedTreeImporter/Content/SpeedTree9/SpeedTreeBranchMotion.uasset" 544
"../../../Engine/Plugins/Editor/SpeedTreeImporter/Content/SpeedTree9/SpeedTreeBranchMotion.uexp" 545
"../../../Engine/Content/Functions/Engine_MaterialFunctions02/ObjectLocalBounds.uasset" 546
"../../../Engine/Content/Functions/Engine_MaterialFunctions02/ObjectLocalBounds.uexp" 547
"../../../Engine/Content/Functions/Engine_MaterialFunctions02/UVs/BoundingBoxBased_0-1_UVW.uasset" 548
"../../../Engine/Content/Functions/Engine_MaterialFunctions02/UVs/BoundingBoxBased_0-1_UVW.uexp" 549
"../../../Engine/Plugins/Editor/SpeedTreeImporter/Content/SpeedTree9/SpeedTreeWind.uasset" 550
"../../../Engine/Plugins/Editor/SpeedTreeImporter/Content/SpeedTree9/SpeedTreeWind.uexp" 551
"../../../Engine/Plugins/Editor/SpeedTreeImporter/Content/SpeedTree9/SpeedTreeCameraFacing.uasset" 552
"../../../Engine/Plugins/Editor/SpeedTreeImporter/Content/SpeedTree9/SpeedTreeCameraFacing.uexp" 553
"../../../Engine/Plugins/Editor/SpeedTreeImporter/Content/SpeedTree9/EmptyNormal.uasset" 554
"../../../Engine/Plugins/Editor/SpeedTreeImporter/Content/SpeedTree9/EmptyNormal.uexp" 555
"../../../Engine/Plugins/Editor/SpeedTreeImporter/Content/SpeedTree9/Empty.uasset" 556
"../../../Engine/Plugins/Editor/SpeedTreeImporter/Content/SpeedTree9/Empty.uexp" 557
"../../../Engine/Plugins/Editor/SpeedTreeImporter/Content/SpeedTree9/SpeedTreeMaster.uasset" 558
"../../../Engine/Plugins/Editor/SpeedTreeImporter/Content/SpeedTree9/SpeedTreeMaster.uexp" 559
"../../../Engine/Plugins/Editor/SpeedTreeImporter/Content/SpeedTree9/SpeedTreeBillboard.uasset" 560
"../../../Engine/Plugins/Editor/SpeedTreeImporter/Content/SpeedTree9/SpeedTreeBillboard.uexp" 561
"../../../Engine/Plugins/Editor/SpeedTreeImporter/Content/SpeedTree9/SpeedTreeBillboardMaster.uasset" 562
"../../../Engine/Plugins/Editor/SpeedTreeImporter/Content/SpeedTree9/SpeedTreeBillboardMaster.uexp" 563
"../../../Engine/Plugins/Interchange/Assets/Content/gltf/Textures/T_White_srgb.uasset" 564
"../../../Engine/Plugins/Interchange/Assets/Content/gltf/Textures/T_White_srgb.uexp" 565
"../../../Engine/Plugins/Interchange/Assets/Content/gltf/MaterialFunctions/MF_BaseColor.uasset" 566
"../../../Engine/Plugins/Interchange/Assets/Content/gltf/MaterialFunctions/MF_BaseColor.uexp" 567
"../../../Engine/Plugins/Interchange/Assets/Content/gltf/MaterialFunctions/MF_RotateV2.uasset" 568
"../../../Engine/Plugins/Interchange/Assets/Content/gltf/MaterialFunctions/MF_RotateV2.uexp" 569
"../../../Engine/Plugins/Interchange/Assets/Content/gltf/MaterialFunctions/MF_TransformUVs.uasset" 570
"../../../Engine/Plugins/Interchange/Assets/Content/gltf/MaterialFunctions/MF_TransformUVs.uexp" 571
"../../../Engine/Plugins/Interchange/Assets/Content/gltf/MaterialBodies/MF_Unlit_Body.uasset" 572
"../../../Engine/Plugins/Interchange/Assets/Content/gltf/MaterialBodies/MF_Unlit_Body.uexp" 573
"../../../Engine/Plugins/Interchange/Assets/Content/gltf/M_Unlit.uasset" 574
"../../../Engine/Plugins/Interchange/Assets/Content/gltf/M_Unlit.uexp" 575
"../../../Engine/Plugins/Interchange/Assets/Content/gltf/MaterialInstances/MI_Unlit_Opaque_DS.uasset" 576
"../../../Engine/Plugins/Interchange/Assets/Content/gltf/MaterialInstances/MI_Unlit_Opaque_DS.uexp" 577
"../../../Engine/Plugins/Interchange/Assets/Content/gltf/MaterialInstances/MI_Unlit_Opaque.uasset" 578
"../../../Engine/Plugins/Interchange/Assets/Content/gltf/MaterialInstances/MI_Unlit_Opaque.uexp" 579
"../../../Engine/Plugins/Interchange/Assets/Content/gltf/MaterialInstances/MI_Unlit_Mask_DS.uasset" 580
"../../../Engine/Plugins/Interchange/Assets/Content/gltf/MaterialInstances/MI_Unlit_Mask_DS.uexp" 581
"../../../Engine/Plugins/Interchange/Assets/Content/gltf/MaterialInstances/MI_Unlit_Mask.uasset" 582
"../../../Engine/Plugins/Interchange/Assets/Content/gltf/MaterialInstances/MI_Unlit_Mask.uexp" 583
"../../../Engine/Plugins/Interchange/Assets/Content/gltf/MaterialInstances/MI_Unlit_Blend_DS.uasset" 584
"../../../Engine/Plugins/Interchange/Assets/Content/gltf/MaterialInstances/MI_Unlit_Blend_DS.uexp" 585
"../../../Engine/Plugins/Interchange/Assets/Content/gltf/MaterialInstances/MI_Unlit_Blend.uasset" 586
"../../../Engine/Plugins/Interchange/Assets/Content/gltf/MaterialInstances/MI_Unlit_Blend.uexp" 587
"../../../Engine/Content/EngineMaterials/Good64x64TilingNoiseHighFreq.uasset" 588
"../../../Engine/Content/EngineMaterials/Good64x64TilingNoiseHighFreq.uexp" 589
"../../../Engine/Content/Functions/Engine_MaterialFunctions02/Texturing/ScreenAlignedPixelToPixelUVs.uasset" 590
"../../../Engine/Content/Functions/Engine_MaterialFunctions02/Texturing/ScreenAlignedPixelToPixelUVs.uexp" 591
"../../../Engine/Plugins/Interchange/Assets/Content/Utilities/New_LUT.uasset" 592
"../../../Engine/Plugins/Interchange/Assets/Content/Utilities/New_LUT.uexp" 593
"../../../Engine/Content/Functions/Engine_MaterialFunctions03/Math/RemapValueRange.uasset" 594
"../../../Engine/Content/Functions/Engine_MaterialFunctions03/Math/RemapValueRange.uexp" 595
"../../../Engine/Plugins/Interchange/Assets/Content/Functions/MF_Iridescence.uasset" 596
"../../../Engine/Plugins/Interchange/Assets/Content/Functions/MF_Iridescence.uexp" 597
"../../../Engine/Plugins/Interchange/Assets/Content/gltf/MaterialFunctions/MF_Fresnel_DS.uasset" 598
"../../../Engine/Plugins/Interchange/Assets/Content/gltf/MaterialFunctions/MF_Fresnel_DS.uexp" 599
"../../../Engine/Plugins/Interchange/Assets/Content/gltf/MaterialFunctions/MF_IOR.uasset" 600
"../../../Engine/Plugins/Interchange/Assets/Content/gltf/MaterialFunctions/MF_IOR.uexp" 601
"../../../Engine/Plugins/Interchange/Assets/Content/gltf/MaterialFunctions/MF_Iridescence.uasset" 602
"../../../Engine/Plugins/Interchange/Assets/Content/gltf/MaterialFunctions/MF_Iridescence.uexp" 603
"../../../Engine/Plugins/Interchange/Assets/Content/gltf/Textures/T_White_Linear.uasset" 604
"../../../Engine/Plugins/Interchange/Assets/Content/gltf/Textures/T_White_Linear.uexp" 605
"../../../Engine/Plugins/Interchange/Assets/Content/gltf/MaterialFunctions/MF_MetallicRoughness.uasset" 606
"../../../Engine/Plugins/Interchange/Assets/Content/gltf/MaterialFunctions/MF_MetallicRoughness.uexp" 607
"../../../Engine/Content/Functions/Engine_MaterialFunctions02/Math/Transform3x3Matrix.uasset" 608
"../../../Engine/Content/Functions/Engine_MaterialFunctions02/Math/Transform3x3Matrix.uexp" 609
"../../../Engine/Plugins/Interchange/Assets/Content/gltf/MaterialFunctions/MF_RotateNormals_TS.uasset" 610
"../../../Engine/Plugins/Interchange/Assets/Content/gltf/MaterialFunctions/MF_RotateNormals_TS.uexp" 611
"../../../Engine/Plugins/Interchange/Assets/Content/gltf/MaterialFunctions/MF_ScaleNormal.uasset" 612
"../../../Engine/Plugins/Interchange/Assets/Content/gltf/MaterialFunctions/MF_ScaleNormal.uexp" 613
"../../../Engine/Plugins/Interchange/Assets/Content/gltf/Textures/T_Generic_N.uasset" 614
"../../../Engine/Plugins/Interchange/Assets/Content/gltf/Textures/T_Generic_N.uexp" 615
"../../../Engine/Plugins/Interchange/Assets/Content/gltf/MaterialFunctions/MF_Normals.uasset" 616
"../../../Engine/Plugins/Interchange/Assets/Content/gltf/MaterialFunctions/MF_Normals.uexp" 617
"../../../Engine/Plugins/Interchange/Assets/Content/gltf/MaterialFunctions/MF_Occlusion.uasset" 618
"../../../Engine/Plugins/Interchange/Assets/Content/gltf/MaterialFunctions/MF_Occlusion.uexp" 619
"../../../Engine/Plugins/Interchange/Assets/Content/gltf/MaterialFunctions/MF_Specular.uasset" 620
"../../../Engine/Plugins/Interchange/Assets/Content/gltf/MaterialFunctions/MF_Specular.uexp" 621
"../../../Engine/Plugins/Interchange/Assets/Content/gltf/Textures/T_Anisotropy_Direction_Linear.uasset" 622
"../../../Engine/Plugins/Interchange/Assets/Content/gltf/Textures/T_Anisotropy_Direction_Linear.uexp" 623
"../../../Engine/Plugins/Interchange/Assets/Content/gltf/MaterialFunctions/MF_SpecularAnisotropy.uasset" 624
"../../../Engine/Plugins/Interchange/Assets/Content/gltf/MaterialFunctions/MF_SpecularAnisotropy.uexp" 625
"../../../Engine/Plugins/Interchange/Assets/Content/gltf/MaterialFunctions/MF_Temporal_Blur.uasset" 626
"../../../Engine/Plugins/Interchange/Assets/Content/gltf/MaterialFunctions/MF_Temporal_Blur.uexp" 627
"../../../Engine/Plugins/Interchange/Assets/Content/gltf/MaterialFunctions/MF_Transmission.uasset" 628
"../../../Engine/Plugins/Interchange/Assets/Content/gltf/MaterialFunctions/MF_Transmission.uexp" 629
"../../../Engine/Plugins/Interchange/Assets/Content/gltf/MaterialBodies/MF_Transmission_Body.uasset" 630
"../../../Engine/Plugins/Interchange/Assets/Content/gltf/MaterialBodies/MF_Transmission_Body.uexp" 631
"../../../Engine/Plugins/Interchange/Assets/Content/gltf/M_Transmission.uasset" 632
"../../../Engine/Plugins/Interchange/Assets/Content/gltf/M_Transmission.uexp" 633
"../../../Engine/Plugins/Interchange/Assets/Content/gltf/MaterialInstances/MI_Transmission_DS.uasset" 634
"../../../Engine/Plugins/Interchange/Assets/Content/gltf/MaterialInstances/MI_Transmission_DS.uexp" 635
"../../../Engine/Plugins/Interchange/Assets/Content/gltf/MaterialInstances/MI_Transmission.uasset" 636
"../../../Engine/Plugins/Interchange/Assets/Content/gltf/MaterialInstances/MI_Transmission.uexp" 637
"../../../Engine/Content/Functions/Engine_MaterialFunctions02/Math/AddComponents.uasset" 638
"../../../Engine/Content/Functions/Engine_MaterialFunctions02/Math/AddComponents.uexp" 639
"../../../Engine/Plugins/Interchange/Assets/Content/gltf/MaterialFunctions/MF_DiffuseSpecGloss.uasset" 640
"../../../Engine/Plugins/Interchange/Assets/Content/gltf/MaterialFunctions/MF_DiffuseSpecGloss.uexp" 641
"../../../Engine/Plugins/Interchange/Assets/Content/gltf/MaterialFunctions/MF_Emissive.uasset" 642
"../../../Engine/Plugins/Interchange/Assets/Content/gltf/MaterialFunctions/MF_Emissive.uexp" 643
"../../../Engine/Plugins/Interchange/Assets/Content/gltf/MaterialFunctions/MF_MaxComponentValue.uasset" 644
"../../../Engine/Plugins/Interchange/Assets/Content/gltf/MaterialFunctions/MF_MaxComponentValue.uexp" 645
"../../../Engine/Plugins/Interchange/Assets/Content/gltf/MaterialFunctions/MF_PerceivedBrightness.uasset" 646
"../../../Engine/Plugins/Interchange/Assets/Content/gltf/MaterialFunctions/MF_PerceivedBrightness.uexp" 647
"../../../Engine/Plugins/Interchange/Assets/Content/gltf/MaterialFunctions/MF_SpecGlossToMetalRoughness.uasset" 648
"../../../Engine/Plugins/Interchange/Assets/Content/gltf/MaterialFunctions/MF_SpecGlossToMetalRoughness.uexp" 649
"../../../Engine/Plugins/Interchange/Assets/Content/gltf/MaterialBodies/MF_SpecularGlossiness_Body.uasset" 650
"../../../Engine/Plugins/Interchange/Assets/Content/gltf/MaterialBodies/MF_SpecularGlossiness_Body.uexp" 651
"../../../Engine/Plugins/Interchange/Assets/Content/gltf/M_SpecularGlossiness.uasset" 652
"../../../Engine/Plugins/Interchange/Assets/Content/gltf/M_SpecularGlossiness.uexp" 653
"../../../Engine/Plugins/Interchange/Assets/Content/gltf/MaterialInstances/MI_SpecularGlossiness_Opaque_DS.uasset" 654
"../../../Engine/Plugins/Interchange/Assets/Content/gltf/MaterialInstances/MI_SpecularGlossiness_Opaque_DS.uexp" 655
"../../../Engine/Plugins/Interchange/Assets/Content/gltf/MaterialInstances/MI_SpecularGlossiness_Opaque.uasset" 656
"../../../Engine/Plugins/Interchange/Assets/Content/gltf/MaterialInstances/MI_SpecularGlossiness_Opaque.uexp" 657
"../../../Engine/Plugins/Interchange/Assets/Content/gltf/MaterialInstances/MI_SpecularGlossiness_Mask_DS.uasset" 658
"../../../Engine/Plugins/Interchange/Assets/Content/gltf/MaterialInstances/MI_SpecularGlossiness_Mask_DS.uexp" 659
"../../../Engine/Plugins/Interchange/Assets/Content/gltf/MaterialInstances/MI_SpecularGlossiness_Mask.uasset" 660
"../../../Engine/Plugins/Interchange/Assets/Content/gltf/MaterialInstances/MI_SpecularGlossiness_Mask.uexp" 661
"../../../Engine/Plugins/Interchange/Assets/Content/gltf/MaterialInstances/MI_SpecularGlossiness_Blend_DS.uasset" 662
"../../../Engine/Plugins/Interchange/Assets/Content/gltf/MaterialInstances/MI_SpecularGlossiness_Blend_DS.uexp" 663
"../../../Engine/Plugins/Interchange/Assets/Content/gltf/MaterialInstances/MI_SpecularGlossiness_Blend.uasset" 664
"../../../Engine/Plugins/Interchange/Assets/Content/gltf/MaterialInstances/MI_SpecularGlossiness_Blend.uexp" 665
"../../../Engine/Plugins/Interchange/Assets/Content/gltf/MaterialFunctions/MF_Sheen.uasset" 666
"../../../Engine/Plugins/Interchange/Assets/Content/gltf/MaterialFunctions/MF_Sheen.uexp" 667
"../../../Engine/Plugins/Interchange/Assets/Content/gltf/MaterialBodies/MF_Sheen_Body.uasset" 668
"../../../Engine/Plugins/Interchange/Assets/Content/gltf/MaterialBodies/MF_Sheen_Body.uexp" 669
"../../../Engine/Plugins/Interchange/Assets/Content/gltf/M_Sheen.uasset" 670
"../../../Engine/Plugins/Interchange/Assets/Content/gltf/M_Sheen.uexp" 671
"../../../Engine/Plugins/Interchange/Assets/Content/gltf/MaterialInstances/MI_Sheen_Opaque_DS.uasset" 672
"../../../Engine/Plugins/Interchange/Assets/Content/gltf/MaterialInstances/MI_Sheen_Opaque_DS.uexp" 673
"../../../Engine/Plugins/Interchange/Assets/Content/gltf/MaterialInstances/MI_Sheen_Opaque.uasset" 674
"../../../Engine/Plugins/Interchange/Assets/Content/gltf/MaterialInstances/MI_Sheen_Opaque.uexp" 675
"../../../Engine/Plugins/Interchange/Assets/Content/gltf/MaterialInstances/MI_Sheen_Mask_DS.uasset" 676
"../../../Engine/Plugins/Interchange/Assets/Content/gltf/MaterialInstances/MI_Sheen_Mask_DS.uexp" 677
"../../../Engine/Plugins/Interchange/Assets/Content/gltf/MaterialInstances/MI_Sheen_Mask.uasset" 678
"../../../Engine/Plugins/Interchange/Assets/Content/gltf/MaterialInstances/MI_Sheen_Mask.uexp" 679
"../../../Engine/Plugins/Interchange/Assets/Content/gltf/MaterialInstances/MI_Sheen_Blend_DS.uasset" 680
"../../../Engine/Plugins/Interchange/Assets/Content/gltf/MaterialInstances/MI_Sheen_Blend_DS.uexp" 681
"../../../Engine/Plugins/Interchange/Assets/Content/gltf/MaterialInstances/MI_Sheen_Blend.uasset" 682
"../../../Engine/Plugins/Interchange/Assets/Content/gltf/MaterialInstances/MI_Sheen_Blend.uexp" 683
"../../../Engine/Plugins/Interchange/Assets/Content/gltf/MaterialBodies/MF_Default_Body.uasset" 684
"../../../Engine/Plugins/Interchange/Assets/Content/gltf/MaterialBodies/MF_Default_Body.uexp" 685
"../../../Engine/Plugins/Interchange/Assets/Content/gltf/M_Default.uasset" 686
"../../../Engine/Plugins/Interchange/Assets/Content/gltf/M_Default.uexp" 687
"../../../Engine/Plugins/Interchange/Assets/Content/gltf/MaterialInstances/MI_Default_Opaque_DS.uasset" 688
"../../../Engine/Plugins/Interchange/Assets/Content/gltf/MaterialInstances/MI_Default_Opaque_DS.uexp" 689
"../../../Engine/Plugins/Interchange/Assets/Content/gltf/MaterialInstances/MI_Default_Opaque.uasset" 690
"../../../Engine/Plugins/Interchange/Assets/Content/gltf/MaterialInstances/MI_Default_Opaque.uexp" 691
"../../../Engine/Plugins/Interchange/Assets/Content/gltf/MaterialInstances/MI_Default_Mask_DS.uasset" 692
"../../../Engine/Plugins/Interchange/Assets/Content/gltf/MaterialInstances/MI_Default_Mask_DS.uexp" 693
"../../../Engine/Plugins/Interchange/Assets/Content/gltf/MaterialInstances/MI_Default_Mask.uasset" 694
"../../../Engine/Plugins/Interchange/Assets/Content/gltf/MaterialInstances/MI_Default_Mask.uexp" 695
"../../../Engine/Plugins/Interchange/Assets/Content/gltf/MaterialInstances/MI_Default_Blend_DS.uasset" 696
"../../../Engine/Plugins/Interchange/Assets/Content/gltf/MaterialInstances/MI_Default_Blend_DS.uexp" 697
"../../../Engine/Plugins/Interchange/Assets/Content/gltf/MaterialInstances/MI_Default_Blend.uasset" 698
"../../../Engine/Plugins/Interchange/Assets/Content/gltf/MaterialInstances/MI_Default_Blend.uexp" 699
"../../../Engine/Content/Functions/Engine_MaterialFunctions01/Texturing/FlattenNormal.uasset" 700
"../../../Engine/Content/Functions/Engine_MaterialFunctions01/Texturing/FlattenNormal.uexp" 701
"../../../Engine/Plugins/Interchange/Assets/Content/gltf/MaterialFunctions/MF_Clearcoat.uasset" 702
"../../../Engine/Plugins/Interchange/Assets/Content/gltf/MaterialFunctions/MF_Clearcoat.uexp" 703
"../../../Engine/Plugins/Interchange/Assets/Content/gltf/MaterialBodies/MF_ClearCoat_Body.uasset" 704
"../../../Engine/Plugins/Interchange/Assets/Content/gltf/MaterialBodies/MF_ClearCoat_Body.uexp" 705
"../../../Engine/Plugins/Interchange/Assets/Content/gltf/M_ClearCoat.uasset" 706
"../../../Engine/Plugins/Interchange/Assets/Content/gltf/M_ClearCoat.uexp" 707
"../../../Engine/Plugins/Interchange/Assets/Content/gltf/MaterialInstances/MI_ClearCoat_Opaque_DS.uasset" 708
"../../../Engine/Plugins/Interchange/Assets/Content/gltf/MaterialInstances/MI_ClearCoat_Opaque_DS.uexp" 709
"../../../Engine/Plugins/Interchange/Assets/Content/gltf/MaterialInstances/MI_ClearCoat_Opaque.uasset" 710
"../../../Engine/Plugins/Interchange/Assets/Content/gltf/MaterialInstances/MI_ClearCoat_Opaque.uexp" 711
"../../../Engine/Plugins/Interchange/Assets/Content/gltf/MaterialInstances/MI_ClearCoat_Mask_DS.uasset" 712
"../../../Engine/Plugins/Interchange/Assets/Content/gltf/MaterialInstances/MI_ClearCoat_Mask_DS.uexp" 713
"../../../Engine/Plugins/Interchange/Assets/Content/gltf/MaterialInstances/MI_ClearCoat_Mask.uasset" 714
"../../../Engine/Plugins/Interchange/Assets/Content/gltf/MaterialInstances/MI_ClearCoat_Mask.uexp" 715
"../../../Engine/Plugins/Interchange/Assets/Content/gltf/MaterialInstances/MI_ClearCoat_Blend_DS.uasset" 716
"../../../Engine/Plugins/Interchange/Assets/Content/gltf/MaterialInstances/MI_ClearCoat_Blend_DS.uexp" 717
"../../../Engine/Plugins/Interchange/Assets/Content/gltf/MaterialInstances/MI_ClearCoat_Blend.uasset" 718
"../../../Engine/Plugins/Interchange/Assets/Content/gltf/MaterialInstances/MI_ClearCoat_Blend.uexp" 719
"../../../Engine/Content/VREditor/TransformGizmo/Xray.uasset" 720
"../../../Engine/Content/VREditor/TransformGizmo/Xray.uexp" 721
"../../../Engine/Content/VREditor/TransformGizmo/Main.uasset" 722
"../../../Engine/Content/VREditor/TransformGizmo/Main.uexp" 723
"../../../Engine/Content/VREditor/TransformGizmo/SM_Sequencer_Node.uasset" 724
"../../../Engine/Content/VREditor/TransformGizmo/SM_Sequencer_Node.uexp" 725
"../../../Engine/Content/VREditor/TransformGizmo/TranslucentTransformGizmoMaterial.uasset" 726
"../../../Engine/Content/VREditor/TransformGizmo/TranslucentTransformGizmoMaterial.uexp" 727
"../../../Engine/Content/VREditor/LaserPointer/VR_LaserPower_01.ubulk" 728
"../../../Engine/Content/VREditor/LaserPointer/VR_LaserPower_01.uasset" 729
"../../../Engine/Content/VREditor/LaserPointer/VR_LaserPower_01.uexp" 730
"../../../Engine/Content/VREditor/TransformGizmo/TransformGizmoMaterial.uasset" 731
"../../../Engine/Content/VREditor/TransformGizmo/TransformGizmoMaterial.uexp" 732
"../../../Engine/Content/VREditor/TransformGizmo/BoundingBoxEdge.uasset" 733
"../../../Engine/Content/VREditor/TransformGizmo/BoundingBoxEdge.uexp" 734
"../../../Engine/Content/VREditor/TransformGizmo/BoundingBoxCorner.uasset" 735
"../../../Engine/Content/VREditor/TransformGizmo/BoundingBoxCorner.uexp" 736
"../../../Engine/Content/EngineResources/FilmGrains/Marcie_Grain_v3_128_M2_000.uasset" 737
"../../../Engine/Content/EngineResources/FilmGrains/Marcie_Grain_v3_128_M2_000.uexp" 738
"../../../Engine/Content/EngineResources/Development/ZenLogo_64.uasset" 739
"../../../Engine/Content/EngineResources/Development/ZenLogo_64.uexp" 740
"../../../Engine/Content/EngineMaterials/LTC/Sheen_LTC.uasset" 741
"../../../Engine/Content/EngineMaterials/LTC/Sheen_LTC.uexp" 742
"../../../Engine/Content/EngineMaterials/LTC/GGX_LTCMat.uasset" 743
"../../../Engine/Content/EngineMaterials/LTC/GGX_LTCMat.uexp" 744
"../../../Engine/Content/EngineMaterials/LTC/GGX_LTCAmp.uasset" 745
"../../../Engine/Content/EngineMaterials/LTC/GGX_LTCAmp.uexp" 746
"../../../Engine/Content/EngineMaterials/EnergyConservation/Sheen_Energy.uasset" 747
"../../../Engine/Content/EngineMaterials/EnergyConservation/Sheen_Energy.uexp" 748
"../../../Engine/Content/EngineMaterials/EnergyConservation/SheenLegacy_Energy.uasset" 749
"../../../Engine/Content/EngineMaterials/EnergyConservation/SheenLegacy_Energy.uexp" 750
"../../../Engine/Content/EngineMaterials/EnergyConservation/GGX_TransmissionEnergyArray.uasset" 751
"../../../Engine/Content/EngineMaterials/EnergyConservation/GGX_TransmissionEnergyArray.uexp" 752
"../../../Engine/Content/EngineMaterials/EnergyConservation/GGX_ReflectionEnergy.uasset" 753
"../../../Engine/Content/EngineMaterials/EnergyConservation/GGX_ReflectionEnergy.uexp" 754
"../../../Engine/Content/EngineMaterials/EnergyConservation/Diffuse_Energy.uasset" 755
"../../../Engine/Content/EngineMaterials/EnergyConservation/Diffuse_Energy.uexp" 756
"../../../Engine/Content/EditorResources/SequenceRecorder/RecordingIndicator.uasset" 757
"../../../Engine/Content/EditorResources/SequenceRecorder/RecordingIndicator.uexp" 758
"../../../Engine/Content/EditorResources/SequenceRecorder/Countdown.uasset" 759
"../../../Engine/Content/EditorResources/SequenceRecorder/Countdown.uexp" 760
"../../../Engine/Content/EditorMaterials/Camera/CineMat.uasset" 761
"../../../Engine/Content/EditorMaterials/Camera/CineMat.uexp" 762
"../../../Engine/Content/EditorMaterials/Camera/MI_CineMat_Rig.uasset" 763
"../../../Engine/Content/EditorMaterials/Camera/MI_CineMat_Rig.uexp" 764
"../../../Engine/Content/EditorMeshes/Camera/SM_RailRig_Track.uasset" 765
"../../../Engine/Content/EditorMeshes/Camera/SM_RailRig_Track.uexp" 766
"../../../Engine/Content/EditorMeshes/Camera/SM_RailRig_Mount.uasset" 767
"../../../Engine/Content/EditorMeshes/Camera/SM_RailRig_Mount.uexp" 768
"../../../Engine/Content/EditorMeshes/Camera/SM_CraneRig_Mount.uasset" 769
"../../../Engine/Content/EditorMeshes/Camera/SM_CraneRig_Mount.uexp" 770
"../../../Engine/Content/EditorMeshes/Camera/SM_CraneRig_Body.uasset" 771
"../../../Engine/Content/EditorMeshes/Camera/SM_CraneRig_Body.uexp" 772
"../../../Engine/Content/EditorMeshes/Camera/SM_CraneRig_Base.uasset" 773
"../../../Engine/Content/EditorMeshes/Camera/SM_CraneRig_Base.uexp" 774
"../../../Engine/Content/EditorMeshes/Camera/SM_CraneRig_Arm.uasset" 775
"../../../Engine/Content/EditorMeshes/Camera/SM_CraneRig_Arm.uexp" 776
"../../../Engine/Content/EditorMaterials/ParticleSystems/PSysThumbnail_OOD.ubulk" 777
"../../../Engine/Content/EditorMaterials/ParticleSystems/PSysThumbnail_OOD.uasset" 778
"../../../Engine/Content/EditorMaterials/ParticleSystems/PSysThumbnail_OOD.uexp" 779
"../../../Engine/Content/EditorMaterials/ParticleSystems/PSysThumbnail_NoImage.ubulk" 780
"../../../Engine/Content/EditorMaterials/ParticleSystems/PSysThumbnail_NoImage.uasset" 781
"../../../Engine/Content/EditorMaterials/ParticleSystems/PSysThumbnail_NoImage.uexp" 782
"../../../Engine/Content/EditorMaterials/Dataflow/DataflowVertexMaterial.uasset" 783
"../../../Engine/Content/EditorMaterials/Dataflow/DataflowVertexMaterial.uexp" 784
"../../../Engine/Content/EditorMaterials/Dataflow/DataflowTwoSidedVertexMaterial.uasset" 785
"../../../Engine/Content/EditorMaterials/Dataflow/DataflowTwoSidedVertexMaterial.uexp" 786
"../../../Engine/Content/EngineMaterials/Substrate/GLints/AGlintTex2dArray.uasset" 787
"../../../Engine/Content/EngineMaterials/Substrate/GLints/AGlintTex2dArray.uexp" 788
"../../../Engine/Content/ArtTools/RenderToTexture/Meshes/S_1_Unit_Plane.uasset" 789
"../../../Engine/Content/ArtTools/RenderToTexture/Meshes/S_1_Unit_Plane.uexp" 790
"C:/Users/Mehdi/Documents/GitHub/UEGame/Game/Content/ThirdPersonBP/Blueprints/Sprite_Images/08972c22a3a046faab14a7a455d7d9e7.uasset" 791
"C:/Users/Mehdi/Documents/GitHub/UEGame/Game/Content/ThirdPersonBP/Blueprints/Sprite_Images/08972c22a3a046faab14a7a455d7d9e7.uexp" 792
"C:/Users/Mehdi/Documents/GitHub/UEGame/Game/Content/Mannequin/Character/Mesh/UE4_Mannequin_Skeleton.uasset" 793
"C:/Users/Mehdi/Documents/GitHub/UEGame/Game/Content/Mannequin/Character/Mesh/UE4_Mannequin_Skeleton.uexp" 794
"C:/Users/Mehdi/Documents/GitHub/UEGame/Game/Content/Mannequin/Character/Mesh/SK_Mannequin_Female_PhysicsAsset.uasset" 795
"C:/Users/Mehdi/Documents/GitHub/UEGame/Game/Content/Mannequin/Character/Mesh/SK_Mannequin_Female_PhysicsAsset.uexp" 796
"C:/Users/Mehdi/Documents/GitHub/UEGame/Game/Content/Mannequin/Character/Textures/T_UE4Logo_N.ubulk" 797
"C:/Users/Mehdi/Documents/GitHub/UEGame/Game/Content/Mannequin/Character/Textures/T_UE4Logo_N.uasset" 798
"C:/Users/Mehdi/Documents/GitHub/UEGame/Game/Content/Mannequin/Character/Textures/T_UE4Logo_N.uexp" 799
"C:/Users/Mehdi/Documents/GitHub/UEGame/Game/Content/Mannequin/Character/Textures/T_UE4Logo_Mask.ubulk" 800
"C:/Users/Mehdi/Documents/GitHub/UEGame/Game/Content/Mannequin/Character/Textures/T_UE4Logo_Mask.uasset" 801
"C:/Users/Mehdi/Documents/GitHub/UEGame/Game/Content/Mannequin/Character/Textures/T_UE4Logo_Mask.uexp" 802
"C:/Users/Mehdi/Documents/GitHub/UEGame/Game/Content/Mannequin/Character/Textures/T_Male_N.ubulk" 803
"C:/Users/Mehdi/Documents/GitHub/UEGame/Game/Content/Mannequin/Character/Textures/T_Male_N.uasset" 804
"C:/Users/Mehdi/Documents/GitHub/UEGame/Game/Content/Mannequin/Character/Textures/T_Male_N.uexp" 805
"C:/Users/Mehdi/Documents/GitHub/UEGame/Game/Content/Mannequin/Character/Textures/T_Male_Mask.ubulk" 806
"C:/Users/Mehdi/Documents/GitHub/UEGame/Game/Content/Mannequin/Character/Textures/T_Male_Mask.uasset" 807
"C:/Users/Mehdi/Documents/GitHub/UEGame/Game/Content/Mannequin/Character/Textures/T_Male_Mask.uexp" 808
"../../../Engine/Content/Functions/MaterialLayerFunctions/MatLayerBlend_Simple.uasset" 809
"../../../Engine/Content/Functions/MaterialLayerFunctions/MatLayerBlend_Simple.uexp" 810
"../../../Engine/Content/Functions/MaterialLayerFunctions/MatLayerBlend_NormalBlend.uasset" 811
"../../../Engine/Content/Functions/MaterialLayerFunctions/MatLayerBlend_NormalBlend.uexp" 812
"C:/Users/Mehdi/Documents/GitHub/UEGame/Game/Content/Mannequin/Character/Materials/MaterialLayers/T_ML_Rubber_Blue_01_N.ubulk" 813
"C:/Users/Mehdi/Documents/GitHub/UEGame/Game/Content/Mannequin/Character/Materials/MaterialLayers/T_ML_Rubber_Blue_01_N.uasset" 814
"C:/Users/Mehdi/Documents/GitHub/UEGame/Game/Content/Mannequin/Character/Materials/MaterialLayers/T_ML_Rubber_Blue_01_N.uexp" 815
"C:/Users/Mehdi/Documents/GitHub/UEGame/Game/Content/Mannequin/Character/Materials/MaterialLayers/T_ML_Rubber_Blue_01_D.ubulk" 816
"C:/Users/Mehdi/Documents/GitHub/UEGame/Game/Content/Mannequin/Character/Materials/MaterialLayers/T_ML_Rubber_Blue_01_D.uasset" 817
"C:/Users/Mehdi/Documents/GitHub/UEGame/Game/Content/Mannequin/Character/Materials/MaterialLayers/T_ML_Rubber_Blue_01_D.uexp" 818
"C:/Users/Mehdi/Documents/GitHub/UEGame/Game/Content/Mannequin/Character/Materials/MaterialLayers/T_ML_Aluminum01_N.ubulk" 819
"C:/Users/Mehdi/Documents/GitHub/UEGame/Game/Content/Mannequin/Character/Materials/MaterialLayers/T_ML_Aluminum01_N.uasset" 820
"C:/Users/Mehdi/Documents/GitHub/UEGame/Game/Content/Mannequin/Character/Materials/MaterialLayers/T_ML_Aluminum01_N.uexp" 821
"C:/Users/Mehdi/Documents/GitHub/UEGame/Game/Content/Mannequin/Character/Materials/MaterialLayers/T_ML_Aluminum01.ubulk" 822
"C:/Users/Mehdi/Documents/GitHub/UEGame/Game/Content/Mannequin/Character/Materials/MaterialLayers/T_ML_Aluminum01.uasset" 823
"C:/Users/Mehdi/Documents/GitHub/UEGame/Game/Content/Mannequin/Character/Materials/MaterialLayers/T_ML_Aluminum01.uexp" 824
"C:/Users/Mehdi/Documents/GitHub/UEGame/Game/Content/Mannequin/Character/Materials/MaterialLayers/ML_SoftMetal_UE4.uasset" 825
"C:/Users/Mehdi/Documents/GitHub/UEGame/Game/Content/Mannequin/Character/Materials/MaterialLayers/ML_SoftMetal_UE4.uexp" 826
"C:/Users/Mehdi/Documents/GitHub/UEGame/Game/Content/Mannequin/Character/Materials/MaterialLayers/ML_Plastic_Shiny_Beige_LOGO.uasset" 827
"C:/Users/Mehdi/Documents/GitHub/UEGame/Game/Content/Mannequin/Character/Materials/MaterialLayers/ML_Plastic_Shiny_Beige_LOGO.uexp" 828
"C:/Users/Mehdi/Documents/GitHub/UEGame/Game/Content/Mannequin/Character/Materials/MaterialLayers/ML_GlossyBlack_Latex_UE4.uasset" 829
"C:/Users/Mehdi/Documents/GitHub/UEGame/Game/Content/Mannequin/Character/Materials/MaterialLayers/ML_GlossyBlack_Latex_UE4.uexp" 830
"C:/Users/Mehdi/Documents/GitHub/UEGame/Game/Content/Mannequin/Character/Materials/MaterialLayers/ML_Plastic_Shiny_Beige.uasset" 831
"C:/Users/Mehdi/Documents/GitHub/UEGame/Game/Content/Mannequin/Character/Materials/MaterialLayers/ML_Plastic_Shiny_Beige.uexp" 832
"C:/Users/Mehdi/Documents/GitHub/UEGame/Game/Content/Mannequin/Character/Materials/M_Male_Body.uasset" 833
"C:/Users/Mehdi/Documents/GitHub/UEGame/Game/Content/Mannequin/Character/Materials/M_Male_Body.uexp" 834
"C:/Users/Mehdi/Documents/GitHub/UEGame/Game/Content/Mannequin/Character/Materials/M_UE4Man_ChestLogo.uasset" 835
"C:/Users/Mehdi/Documents/GitHub/UEGame/Game/Content/Mannequin/Character/Materials/M_UE4Man_ChestLogo.uexp" 836
"C:/Users/Mehdi/Documents/GitHub/UEGame/Game/Content/Mannequin/Character/Textures/T_Female_N.ubulk" 837
"C:/Users/Mehdi/Documents/GitHub/UEGame/Game/Content/Mannequin/Character/Textures/T_Female_N.uasset" 838
"C:/Users/Mehdi/Documents/GitHub/UEGame/Game/Content/Mannequin/Character/Textures/T_Female_N.uexp" 839
"C:/Users/Mehdi/Documents/GitHub/UEGame/Game/Content/Mannequin/Character/Textures/T_Female_Mask.ubulk" 840
"C:/Users/Mehdi/Documents/GitHub/UEGame/Game/Content/Mannequin/Character/Textures/T_Female_Mask.uasset" 841
"C:/Users/Mehdi/Documents/GitHub/UEGame/Game/Content/Mannequin/Character/Textures/T_Female_Mask.uexp" 842
"C:/Users/Mehdi/Documents/GitHub/UEGame/Game/Content/Mannequin/Character/Materials/MI_Female_Body.uasset" 843
"C:/Users/Mehdi/Documents/GitHub/UEGame/Game/Content/Mannequin/Character/Materials/MI_Female_Body.uexp" 844
"C:/Users/Mehdi/Documents/GitHub/UEGame/Game/Content/Mannequin/Character/Mesh/SK_Mannequin_Female.uasset" 845
"C:/Users/Mehdi/Documents/GitHub/UEGame/Game/Content/Mannequin/Character/Mesh/SK_Mannequin_Female.uexp" 846
"../../../Engine/Content/Functions/Engine_MaterialFunctions01/Shading/PowerToRoughness.uasset" 847
"../../../Engine/Content/Functions/Engine_MaterialFunctions01/Shading/PowerToRoughness.uexp" 848
"../../../Engine/Content/Functions/Engine_MaterialFunctions01/Shading/ConvertFromDiffSpec.uasset" 849
"../../../Engine/Content/Functions/Engine_MaterialFunctions01/Shading/ConvertFromDiffSpec.uexp" 850
"../../../Engine/Content/EngineMaterials/Substrate/Volume/SubstrateSimpleVolumeLUT3D.uasset" 851
"../../../Engine/Content/EngineMaterials/Substrate/Volume/SubstrateSimpleVolumeLUT3D.uexp" 852
"../../../Engine/Content/EngineMaterials/Substrate/Volume/SubstrateSimpleVolumeEnvLUT3D.uasset" 853
"../../../Engine/Content/EngineMaterials/Substrate/Volume/SubstrateSimpleVolumeEnvLUT3D.uexp" 854
"../../../Engine/Content/EngineMaterials/Substrate/Glints2/AGlintTex2dArray2.uasset" 855
"../../../Engine/Content/EngineMaterials/Substrate/Glints2/AGlintTex2dArray2.uexp" 856
"../../../Engine/Content/EngineResources/LandscapeVisibilityLayerInfo.uasset" 857
"../../../Engine/Content/EngineResources/LandscapeVisibilityLayerInfo.uexp" 858
"../../../Engine/Content/VREditor/Sounds/UI/Drop_Item_From_ContentBrowser.ubulk" 859
"../../../Engine/Content/VREditor/Sounds/UI/Drop_Item_From_ContentBrowser.uasset" 860
"../../../Engine/Content/VREditor/Sounds/UI/Drop_Item_From_ContentBrowser.uexp" 861
"../../../Engine/Content/VREditor/TransformGizmo/TransformGizmoMaterial_Inst.uasset" 862
"../../../Engine/Content/VREditor/TransformGizmo/TransformGizmoMaterial_Inst.uexp" 863
"../../../Engine/Content/VREditor/TransformGizmo/TranslucentTransformGizmoMaterial_Inst.uasset" 864
"../../../Engine/Content/VREditor/TransformGizmo/TranslucentTransformGizmoMaterial_Inst.uexp" 865
"../../../Engine/Content/Functions/Engine_MaterialFunctions02/SplitComponents.uasset" 866
"../../../Engine/Content/Functions/Engine_MaterialFunctions02/SplitComponents.uexp" 867
"../../../Engine/Content/VREditor/SnapGrid/SnapGridMaterial.uasset" 868
"../../../Engine/Content/VREditor/SnapGrid/SnapGridMaterial.uexp" 869
"../../../Engine/Content/VREditor/SnapGrid/SnapGridPlaneMesh.uasset" 870
"../../../Engine/Content/VREditor/SnapGrid/SnapGridPlaneMesh.uexp" 871
"../../../Engine/Content/VREditor/Sounds/UI/Gizmo_Handle_Clicked.ubulk" 872
"../../../Engine/Content/VREditor/Sounds/UI/Gizmo_Handle_Clicked.uasset" 873
"../../../Engine/Content/VREditor/Sounds/UI/Gizmo_Handle_Clicked.uexp" 874
"../../../Engine/Content/VREditor/Sounds/UI/Object_PickUp.ubulk" 875
"../../../Engine/Content/VREditor/Sounds/UI/Object_PickUp.uasset" 876
"../../../Engine/Content/VREditor/Sounds/UI/Object_PickUp.uexp" 877
"../../../Engine/Content/VREditor/Sounds/UI/Object_Snaps_To_Another_Actor.ubulk" 878
"../../../Engine/Content/VREditor/Sounds/UI/Object_Snaps_To_Another_Actor.uasset" 879
"../../../Engine/Content/VREditor/Sounds/UI/Object_Snaps_To_Another_Actor.uexp" 880
"../../../Engine/Content/VREditor/Sounds/UI/Object_Snaps_To_Grid.ubulk" 881
"../../../Engine/Content/VREditor/Sounds/UI/Object_Snaps_To_Grid.uasset" 882
"../../../Engine/Content/VREditor/Sounds/UI/Object_Snaps_To_Grid.uexp" 883
"../../../Engine/Content/VREditor/Sounds/UI/Scaling_Down.ubulk" 884
"../../../Engine/Content/VREditor/Sounds/UI/Scaling_Down.uasset" 885
"../../../Engine/Content/VREditor/Sounds/UI/Scaling_Down.uexp" 886
"../../../Engine/Content/VREditor/Sounds/UI/Scaling_Up.ubulk" 887
"../../../Engine/Content/VREditor/Sounds/UI/Scaling_Up.uasset" 888
"../../../Engine/Content/VREditor/Sounds/UI/Scaling_Up.uexp" 889
"../../../Engine/Content/VREditor/Sounds/UI/Selection_Changes.ubulk" 890
"../../../Engine/Content/VREditor/Sounds/UI/Selection_Changes.uasset" 891
"../../../Engine/Content/VREditor/Sounds/UI/Selection_Changes.uexp" 892
"../../../Engine/Content/VREditor/TransformGizmo/PlaneTranslationHandle.uasset" 893
"../../../Engine/Content/VREditor/TransformGizmo/PlaneTranslationHandle.uexp" 894
"../../../Engine/Content/VREditor/TransformGizmo/RotationHandleFull.uasset" 895
"../../../Engine/Content/VREditor/TransformGizmo/RotationHandleFull.uexp" 896
"../../../Engine/Content/VREditor/TransformGizmo/RotationHandleIndicator.uasset" 897
"../../../Engine/Content/VREditor/TransformGizmo/RotationHandleIndicator.uexp" 898
"../../../Engine/Content/VREditor/TransformGizmo/RotationHandleQuarter.uasset" 899
"../../../Engine/Content/VREditor/TransformGizmo/RotationHandleQuarter.uexp" 900
"../../../Engine/Content/VREditor/TransformGizmo/StartRotationHandleIndicator.uasset" 901
"../../../Engine/Content/VREditor/TransformGizmo/StartRotationHandleIndicator.uexp" 902
"../../../Engine/Content/VREditor/TransformGizmo/TransformGizmoFreeRotation.uasset" 903
"../../../Engine/Content/VREditor/TransformGizmo/TransformGizmoFreeRotation.uexp" 904
"../../../Engine/Content/VREditor/TransformGizmo/TranslateArrowHandle.uasset" 905
"../../../Engine/Content/VREditor/TransformGizmo/TranslateArrowHandle.uexp" 906
"../../../Engine/Content/VREditor/TransformGizmo/UniformScaleHandle.uasset" 907
"../../../Engine/Content/VREditor/TransformGizmo/UniformScaleHandle.uexp" 908
"../../../Engine/Plugins/2D/Paper2D/Content/TranslucentUnlitSpriteMaterial.uasset" 909
"../../../Engine/Plugins/2D/Paper2D/Content/TranslucentUnlitSpriteMaterial.uexp" 910
"C:/Users/Mehdi/Documents/GitHub/UEGame/Game/Content/ThirdPersonBP/Blueprints/Sprite_Images/fragment.uasset" 911
"C:/Users/Mehdi/Documents/GitHub/UEGame/Game/Content/ThirdPersonBP/Blueprints/Sprite_Images/fragment.uexp" 912
"C:/Users/Mehdi/Documents/GitHub/UEGame/Game/Content/ThirdPersonBP/Blueprints/Sprite_Images/fragment_Sprite.uasset" 913
"C:/Users/Mehdi/Documents/GitHub/UEGame/Game/Content/ThirdPersonBP/Blueprints/Sprite_Images/fragment_Sprite.uexp" 914
"C:/Users/Mehdi/Documents/GitHub/UEGame/Game/Content/ThirdPersonBP/Blueprints/Sprite_Images/quest.uasset" 915
"C:/Users/Mehdi/Documents/GitHub/UEGame/Game/Content/ThirdPersonBP/Blueprints/Sprite_Images/quest.uexp" 916
"C:/Users/Mehdi/Documents/GitHub/UEGame/Game/Content/ThirdPersonBP/Blueprints/Sprite_Images/quest_Sprite.uasset" 917
"C:/Users/Mehdi/Documents/GitHub/UEGame/Game/Content/ThirdPersonBP/Blueprints/Sprite_Images/quest_Sprite.uexp" 918
"C:/Users/Mehdi/Documents/GitHub/UEGame/Game/Content/ThirdPersonBP/Blueprints/Sprite_Images/08972c22a3a046faab14a7a455d7d9e7__2_.uasset" 919
"C:/Users/Mehdi/Documents/GitHub/UEGame/Game/Content/ThirdPersonBP/Blueprints/Sprite_Images/08972c22a3a046faab14a7a455d7d9e7__2_.uexp" 920
"C:/Users/Mehdi/Documents/GitHub/UEGame/Game/Content/ThirdPersonBP/Blueprints/Sprite_Images/Wood_Sprite.uasset" 921
"C:/Users/Mehdi/Documents/GitHub/UEGame/Game/Content/ThirdPersonBP/Blueprints/Sprite_Images/Wood_Sprite.uexp" 922
"../../../Engine/Content/EditorBlueprintResources/StandardMacros.uasset" 923
"../../../Engine/Content/EditorBlueprintResources/StandardMacros.uexp" 924
"../../../Engine/Content/BasicShapes/Cylinder.uasset" 925
"../../../Engine/Content/BasicShapes/Cylinder.uexp" 926
"../../../Engine/Content/BasicShapes/BasicShapeMaterial.uasset" 927
"../../../Engine/Content/BasicShapes/BasicShapeMaterial.uexp" 928
"C:/Users/Mehdi/Documents/GitHub/UEGame/Game/Content/Mannequin/Character/Mesh/SK_Mannequin_PhysicsAsset.uasset" 929
"C:/Users/Mehdi/Documents/GitHub/UEGame/Game/Content/Mannequin/Character/Mesh/SK_Mannequin_PhysicsAsset.uexp" 930
"C:/Users/Mehdi/Documents/GitHub/UEGame/Game/Content/Mannequin/Character/Mesh/SK_Mannequin.uasset" 931
"C:/Users/Mehdi/Documents/GitHub/UEGame/Game/Content/Mannequin/Character/Mesh/SK_Mannequin.uexp" 932
"C:/Users/Mehdi/Documents/GitHub/UEGame/Game/Content/Mannequin/Animations/ThirdPersonIdle.uasset" 933
"C:/Users/Mehdi/Documents/GitHub/UEGame/Game/Content/Mannequin/Animations/ThirdPersonIdle.uexp" 934
"C:/Users/Mehdi/Documents/GitHub/UEGame/Game/Content/Avatars/Voices/Player.uasset" 935
"C:/Users/Mehdi/Documents/GitHub/UEGame/Game/Content/Avatars/Voices/Player.uexp" 936
"C:/Users/Mehdi/Documents/GitHub/UEGame/Game/Content/Avatars/NPC.uasset" 937
"C:/Users/Mehdi/Documents/GitHub/UEGame/Game/Content/Avatars/NPC.uexp" 938
"C:/Users/Mehdi/Documents/GitHub/UEGame/Game/Content/Dialogue/DialogueWidget.uasset" 939
"C:/Users/Mehdi/Documents/GitHub/UEGame/Game/Content/Dialogue/DialogueWidget.uexp" 940
"C:/Users/Mehdi/Documents/GitHub/UEGame/Game/Content/QuestObjects/QuestActor_BP.uasset" 941
"C:/Users/Mehdi/Documents/GitHub/UEGame/Game/Content/QuestObjects/QuestActor_BP.uexp" 942
"C:/Users/Mehdi/Documents/GitHub/UEGame/Game/Content/Memory/CubeMat.uasset" 943
"C:/Users/Mehdi/Documents/GitHub/UEGame/Game/Content/Memory/CubeMat.uexp" 944
"C:/Users/Mehdi/Documents/GitHub/UEGame/Game/Content/Memory/memory_UE4_Cube.uasset" 945
"C:/Users/Mehdi/Documents/GitHub/UEGame/Game/Content/Memory/memory_UE4_Cube.uexp" 946
"C:/Users/Mehdi/Documents/GitHub/UEGame/Game/Content/Memory/memory_UE4_Sphere_001.uasset" 947
"C:/Users/Mehdi/Documents/GitHub/UEGame/Game/Content/Memory/memory_UE4_Sphere_001.uexp" 948
"C:/Users/Mehdi/Documents/GitHub/UEGame/Game/Content/Memory/SphereMat.uasset" 949
"C:/Users/Mehdi/Documents/GitHub/UEGame/Game/Content/Memory/SphereMat.uexp" 950
"C:/Users/Mehdi/Documents/GitHub/UEGame/Game/Content/QuestObjects/Fragment.uasset" 951
"C:/Users/Mehdi/Documents/GitHub/UEGame/Game/Content/QuestObjects/Fragment.uexp" 952
"C:/Users/Mehdi/Documents/GitHub/UEGame/Game/Content/Memory/Interact_I.uasset" 953
"C:/Users/Mehdi/Documents/GitHub/UEGame/Game/Content/Memory/Interact_I.uexp" 954
"C:/Users/Mehdi/Documents/GitHub/UEGame/Game/Content/Avatars/Astrid/Standing_Idle_03_Examine__1__Skeleton.uasset" 955
"C:/Users/Mehdi/Documents/GitHub/UEGame/Game/Content/Avatars/Astrid/Standing_Idle_03_Examine__1__Skeleton.uexp" 956
"C:/Users/Mehdi/Documents/GitHub/UEGame/Game/Content/Avatars/Astrid/Standing_Idle_03_Examine__1__PhysicsAsset.uasset" 957
"C:/Users/Mehdi/Documents/GitHub/UEGame/Game/Content/Avatars/Astrid/Standing_Idle_03_Examine__1__PhysicsAsset.uexp" 958
"C:/Users/Mehdi/Documents/GitHub/UEGame/Game/Content/Avatars/Astrid/FemaleFitA_Body_diffuse_ncl1_1.ubulk" 959
"C:/Users/Mehdi/Documents/GitHub/UEGame/Game/Content/Avatars/Astrid/FemaleFitA_Body_diffuse_ncl1_1.uasset" 960
"C:/Users/Mehdi/Documents/GitHub/UEGame/Game/Content/Avatars/Astrid/FemaleFitA_Body_diffuse_ncl1_1.uexp" 961
"C:/Users/Mehdi/Documents/GitHub/UEGame/Game/Content/Avatars/Astrid/Lashes_MAT.uasset" 962
"C:/Users/Mehdi/Documents/GitHub/UEGame/Game/Content/Avatars/Astrid/Lashes_MAT.uexp" 963
"C:/Users/Mehdi/Documents/GitHub/UEGame/Game/Content/Avatars/Astrid/FemaleFitA_StdNM.ubulk" 964
"C:/Users/Mehdi/Documents/GitHub/UEGame/Game/Content/Avatars/Astrid/FemaleFitA_StdNM.uasset" 965
"C:/Users/Mehdi/Documents/GitHub/UEGame/Game/Content/Avatars/Astrid/FemaleFitA_StdNM.uexp" 966
"C:/Users/Mehdi/Documents/GitHub/UEGame/Game/Content/Avatars/Astrid/FemaleFitA_Body_diffuse.ubulk" 967
"C:/Users/Mehdi/Documents/GitHub/UEGame/Game/Content/Avatars/Astrid/FemaleFitA_Body_diffuse.uasset" 968
"C:/Users/Mehdi/Documents/GitHub/UEGame/Game/Content/Avatars/Astrid/FemaleFitA_Body_diffuse.uexp" 969
"C:/Users/Mehdi/Documents/GitHub/UEGame/Game/Content/Avatars/Astrid/EyeSpec_MAT.uasset" 970
"C:/Users/Mehdi/Documents/GitHub/UEGame/Game/Content/Avatars/Astrid/EyeSpec_MAT.uexp" 971
"C:/Users/Mehdi/Documents/GitHub/UEGame/Game/Content/Avatars/Astrid/Bow_NM.ubulk" 972
"C:/Users/Mehdi/Documents/GitHub/UEGame/Game/Content/Avatars/Astrid/Bow_NM.uasset" 973
"C:/Users/Mehdi/Documents/GitHub/UEGame/Game/Content/Avatars/Astrid/Bow_NM.uexp" 974
"C:/Users/Mehdi/Documents/GitHub/UEGame/Game/Content/Avatars/Astrid/Bow_DIFF.ubulk" 975
"C:/Users/Mehdi/Documents/GitHub/UEGame/Game/Content/Avatars/Astrid/Bow_DIFF.uasset" 976
"C:/Users/Mehdi/Documents/GitHub/UEGame/Game/Content/Avatars/Astrid/Bow_DIFF.uexp" 977
"C:/Users/Mehdi/Documents/GitHub/UEGame/Game/Content/Avatars/Astrid/Bow_MAT.uasset" 978
"C:/Users/Mehdi/Documents/GitHub/UEGame/Game/Content/Avatars/Astrid/Bow_MAT.uexp" 979
"C:/Users/Mehdi/Documents/GitHub/UEGame/Game/Content/Avatars/Astrid/Body_MAT.uasset" 980
"C:/Users/Mehdi/Documents/GitHub/UEGame/Game/Content/Avatars/Astrid/Body_MAT.uexp" 981
"C:/Users/Mehdi/Documents/GitHub/UEGame/Game/Content/Avatars/Astrid/Erika_Archer_Clothes_normal.ubulk" 982
"C:/Users/Mehdi/Documents/GitHub/UEGame/Game/Content/Avatars/Astrid/Erika_Archer_Clothes_normal.uasset" 983
"C:/Users/Mehdi/Documents/GitHub/UEGame/Game/Content/Avatars/Astrid/Erika_Archer_Clothes_normal.uexp" 984
"C:/Users/Mehdi/Documents/GitHub/UEGame/Game/Content/Avatars/Astrid/Erika_Archer_Clothes_diffuse.ubulk" 985
"C:/Users/Mehdi/Documents/GitHub/UEGame/Game/Content/Avatars/Astrid/Erika_Archer_Clothes_diffuse.uasset" 986
"C:/Users/Mehdi/Documents/GitHub/UEGame/Game/Content/Avatars/Astrid/Erika_Archer_Clothes_diffuse.uexp" 987
"C:/Users/Mehdi/Documents/GitHub/UEGame/Game/Content/Avatars/Astrid/Akai_MAT.uasset" 988
"C:/Users/Mehdi/Documents/GitHub/UEGame/Game/Content/Avatars/Astrid/Akai_MAT.uexp" 989
"C:/Users/Mehdi/Documents/GitHub/UEGame/Game/Content/Avatars/Astrid/Standing_Idle_03_Examine__1_.uasset" 990
"C:/Users/Mehdi/Documents/GitHub/UEGame/Game/Content/Avatars/Astrid/Standing_Idle_03_Examine__1_.uexp" 991
"../../../Engine/Content/Animation/DefaultAnimBoneCompressionSettings.uasset" 992
"../../../Engine/Content/Animation/DefaultAnimBoneCompressionSettings.uexp" 993
"../../../Engine/Content/Animation/DefaultAnimCurveCompressionSettings.uasset" 994
"../../../Engine/Content/Animation/DefaultAnimCurveCompressionSettings.uexp" 995
"C:/Users/Mehdi/Documents/GitHub/UEGame/Game/Content/Avatars/Astrid/Standing_Idle_03_Examine__1__Anim.uasset" 996
"C:/Users/Mehdi/Documents/GitHub/UEGame/Game/Content/Avatars/Astrid/Standing_Idle_03_Examine__1__Anim.uexp" 997
"C:/Users/Mehdi/Documents/GitHub/UEGame/Game/Content/Avatars/Astrid/Astrid_BP.uasset" 998
"C:/Users/Mehdi/Documents/GitHub/UEGame/Game/Content/Avatars/Astrid/Astrid_BP.uexp" 999
"C:/Users/Mehdi/Documents/GitHub/UEGame/Game/Content/Avatars/Morak/Fishing_Cast_Skeleton.uasset" 1000
"C:/Users/Mehdi/Documents/GitHub/UEGame/Game/Content/Avatars/Morak/Fishing_Cast_Skeleton.uexp" 1001
"C:/Users/Mehdi/Documents/GitHub/UEGame/Game/Content/Avatars/Morak/Fishing_Cast_Anim_mixamo_com.uasset" 1002
"C:/Users/Mehdi/Documents/GitHub/UEGame/Game/Content/Avatars/Morak/Fishing_Cast_Anim_mixamo_com.uexp" 1003
"C:/Users/Mehdi/Documents/GitHub/UEGame/Game/Content/Avatars/Morak/Fishing_Cast_PhysicsAsset.uasset" 1004
"C:/Users/Mehdi/Documents/GitHub/UEGame/Game/Content/Avatars/Morak/Fishing_Cast_PhysicsAsset.uexp" 1005
"C:/Users/Mehdi/Documents/GitHub/UEGame/Game/Content/Avatars/Morak/Ch05_1003_Specular.ubulk" 1006
"C:/Users/Mehdi/Documents/GitHub/UEGame/Game/Content/Avatars/Morak/Ch05_1003_Specular.uasset" 1007
"C:/Users/Mehdi/Documents/GitHub/UEGame/Game/Content/Avatars/Morak/Ch05_1003_Specular.uexp" 1008
"C:/Users/Mehdi/Documents/GitHub/UEGame/Game/Content/Avatars/Morak/Ch05_1003_Diffuse.ubulk" 1009
"C:/Users/Mehdi/Documents/GitHub/UEGame/Game/Content/Avatars/Morak/Ch05_1003_Diffuse.uasset" 1010
"C:/Users/Mehdi/Documents/GitHub/UEGame/Game/Content/Avatars/Morak/Ch05_1003_Diffuse.uexp" 1011
"C:/Users/Mehdi/Documents/GitHub/UEGame/Game/Content/Avatars/Morak/Ch05_1003_Glossiness.ubulk" 1012
"C:/Users/Mehdi/Documents/GitHub/UEGame/Game/Content/Avatars/Morak/Ch05_1003_Glossiness.uasset" 1013
"C:/Users/Mehdi/Documents/GitHub/UEGame/Game/Content/Avatars/Morak/Ch05_1003_Glossiness.uexp" 1014
"C:/Users/Mehdi/Documents/GitHub/UEGame/Game/Content/Avatars/Morak/Ch05_1003_Normal.ubulk" 1015
"C:/Users/Mehdi/Documents/GitHub/UEGame/Game/Content/Avatars/Morak/Ch05_1003_Normal.uasset" 1016
"C:/Users/Mehdi/Documents/GitHub/UEGame/Game/Content/Avatars/Morak/Ch05_1003_Normal.uexp" 1017
"C:/Users/Mehdi/Documents/GitHub/UEGame/Game/Content/Avatars/Morak/Ch05_body2.uasset" 1018
"C:/Users/Mehdi/Documents/GitHub/UEGame/Game/Content/Avatars/Morak/Ch05_body2.uexp" 1019
"C:/Users/Mehdi/Documents/GitHub/UEGame/Game/Content/Avatars/Morak/Ch05_1002_Diffuse.ubulk" 1020
"C:/Users/Mehdi/Documents/GitHub/UEGame/Game/Content/Avatars/Morak/Ch05_1002_Diffuse.uasset" 1021
"C:/Users/Mehdi/Documents/GitHub/UEGame/Game/Content/Avatars/Morak/Ch05_1002_Diffuse.uexp" 1022
"C:/Users/Mehdi/Documents/GitHub/UEGame/Game/Content/Avatars/Morak/Ch05_1002_Glossiness.ubulk" 1023
"C:/Users/Mehdi/Documents/GitHub/UEGame/Game/Content/Avatars/Morak/Ch05_1002_Glossiness.uasset" 1024
"C:/Users/Mehdi/Documents/GitHub/UEGame/Game/Content/Avatars/Morak/Ch05_1002_Glossiness.uexp" 1025
"C:/Users/Mehdi/Documents/GitHub/UEGame/Game/Content/Avatars/Morak/Ch05_1002_Normal.ubulk" 1026
"C:/Users/Mehdi/Documents/GitHub/UEGame/Game/Content/Avatars/Morak/Ch05_1002_Normal.uasset" 1027
"C:/Users/Mehdi/Documents/GitHub/UEGame/Game/Content/Avatars/Morak/Ch05_1002_Normal.uexp" 1028
"C:/Users/Mehdi/Documents/GitHub/UEGame/Game/Content/Avatars/Morak/Ch05_1002_Specular.ubulk" 1029
"C:/Users/Mehdi/Documents/GitHub/UEGame/Game/Content/Avatars/Morak/Ch05_1002_Specular.uasset" 1030
"C:/Users/Mehdi/Documents/GitHub/UEGame/Game/Content/Avatars/Morak/Ch05_1002_Specular.uexp" 1031
"C:/Users/Mehdi/Documents/GitHub/UEGame/Game/Content/Avatars/Morak/Ch05_body1.uasset" 1032
"C:/Users/Mehdi/Documents/GitHub/UEGame/Game/Content/Avatars/Morak/Ch05_body1.uexp" 1033
"C:/Users/Mehdi/Documents/GitHub/UEGame/Game/Content/Avatars/Morak/Ch05_1001_Diffuse.ubulk" 1034
"C:/Users/Mehdi/Documents/GitHub/UEGame/Game/Content/Avatars/Morak/Ch05_1001_Diffuse.uasset" 1035
"C:/Users/Mehdi/Documents/GitHub/UEGame/Game/Content/Avatars/Morak/Ch05_1001_Diffuse.uexp" 1036
"C:/Users/Mehdi/Documents/GitHub/UEGame/Game/Content/Avatars/Morak/Ch05_1001_Glossiness.ubulk" 1037
"C:/Users/Mehdi/Documents/GitHub/UEGame/Game/Content/Avatars/Morak/Ch05_1001_Glossiness.uasset" 1038
"C:/Users/Mehdi/Documents/GitHub/UEGame/Game/Content/Avatars/Morak/Ch05_1001_Glossiness.uexp" 1039
"C:/Users/Mehdi/Documents/GitHub/UEGame/Game/Content/Avatars/Morak/Ch05_1001_Normal.ubulk" 1040
"C:/Users/Mehdi/Documents/GitHub/UEGame/Game/Content/Avatars/Morak/Ch05_1001_Normal.uasset" 1041
"C:/Users/Mehdi/Documents/GitHub/UEGame/Game/Content/Avatars/Morak/Ch05_1001_Normal.uexp" 1042
"C:/Users/Mehdi/Documents/GitHub/UEGame/Game/Content/Avatars/Morak/Ch05_1001_Specular.ubulk" 1043
"C:/Users/Mehdi/Documents/GitHub/UEGame/Game/Content/Avatars/Morak/Ch05_1001_Specular.uasset" 1044
"C:/Users/Mehdi/Documents/GitHub/UEGame/Game/Content/Avatars/Morak/Ch05_1001_Specular.uexp" 1045
"C:/Users/Mehdi/Documents/GitHub/UEGame/Game/Content/Avatars/Morak/Ch05_body.uasset" 1046
"C:/Users/Mehdi/Documents/GitHub/UEGame/Game/Content/Avatars/Morak/Ch05_body.uexp" 1047
"C:/Users/Mehdi/Documents/GitHub/UEGame/Game/Content/Avatars/Morak/Fishing_Cast.uasset" 1048
"C:/Users/Mehdi/Documents/GitHub/UEGame/Game/Content/Avatars/Morak/Fishing_Cast.uexp" 1049
"C:/Users/Mehdi/Documents/GitHub/UEGame/Game/Content/Avatars/Morak/Morak_BP.uasset" 1050
"C:/Users/Mehdi/Documents/GitHub/UEGame/Game/Content/Avatars/Morak/Morak_BP.uexp" 1051
"C:/Users/Mehdi/Documents/GitHub/UEGame/Game/Content/ThirdPersonBP/Blueprints/Minimap_RenderTarget.uasset" 1052
"C:/Users/Mehdi/Documents/GitHub/UEGame/Game/Content/ThirdPersonBP/Blueprints/Minimap_RenderTarget.uexp" 1053
"C:/Users/Mehdi/Documents/GitHub/UEGame/Game/Content/ThirdPersonBP/Blueprints/MiniMap_Material.uasset" 1054
"C:/Users/Mehdi/Documents/GitHub/UEGame/Game/Content/ThirdPersonBP/Blueprints/MiniMap_Material.uexp" 1055
"C:/Users/Mehdi/Documents/GitHub/UEGame/Game/Content/ThirdPersonBP/Blueprints/MiniMapWidget.uasset" 1056
"C:/Users/Mehdi/Documents/GitHub/UEGame/Game/Content/ThirdPersonBP/Blueprints/MiniMapWidget.uexp" 1057
"C:/Users/Mehdi/Documents/GitHub/UEGame/Game/Content/ThirdPersonBP/Blueprints/Quests_Widget.uasset" 1058
"C:/Users/Mehdi/Documents/GitHub/UEGame/Game/Content/ThirdPersonBP/Blueprints/Quests_Widget.uexp" 1059
"C:/Users/Mehdi/Documents/GitHub/UEGame/Game/Content/ThirdPersonBP/Blueprints/Quest_Success.uasset" 1060
"C:/Users/Mehdi/Documents/GitHub/UEGame/Game/Content/ThirdPersonBP/Blueprints/Quest_Success.uexp" 1061
"C:/Users/Mehdi/Documents/GitHub/UEGame/Game/Content/ThirdPersonBP/Blueprints/Sprite_Images/08972c22a3a046faab14a7a455d7d9e7__3_.uasset" 1062
"C:/Users/Mehdi/Documents/GitHub/UEGame/Game/Content/ThirdPersonBP/Blueprints/Sprite_Images/08972c22a3a046faab14a7a455d7d9e7__3_.uexp" 1063
"C:/Users/Mehdi/Documents/GitHub/UEGame/Game/Content/ThirdPersonBP/Blueprints/Sprite_Images/ClearWood_Sprite.uasset" 1064
"C:/Users/Mehdi/Documents/GitHub/UEGame/Game/Content/ThirdPersonBP/Blueprints/Sprite_Images/ClearWood_Sprite.uexp" 1065
"C:/Users/Mehdi/Documents/GitHub/UEGame/Game/Content/ThirdPersonBP/Blueprints/Sprite_Images/08972c22a3a046faab14a7a455d7d9e7__6_-removebg-preview.uasset" 1066
"C:/Users/Mehdi/Documents/GitHub/UEGame/Game/Content/ThirdPersonBP/Blueprints/Sprite_Images/08972c22a3a046faab14a7a455d7d9e7__6_-removebg-preview.uexp" 1067
"C:/Users/Mehdi/Documents/GitHub/UEGame/Game/Content/ThirdPersonBP/Blueprints/Sprite_Images/WoodPlanche_Sprite.uasset" 1068
"C:/Users/Mehdi/Documents/GitHub/UEGame/Game/Content/ThirdPersonBP/Blueprints/Sprite_Images/WoodPlanche_Sprite.uexp" 1069
"C:/Users/Mehdi/Documents/GitHub/UEGame/Game/Content/ThirdPersonBP/Blueprints/Sprite_Images/fragment2.uasset" 1070
"C:/Users/Mehdi/Documents/GitHub/UEGame/Game/Content/ThirdPersonBP/Blueprints/Sprite_Images/fragment2.uexp" 1071
"C:/Users/Mehdi/Documents/GitHub/UEGame/Game/Content/ThirdPersonBP/Blueprints/Fragment_Widget.uasset" 1072
"C:/Users/Mehdi/Documents/GitHub/UEGame/Game/Content/ThirdPersonBP/Blueprints/Fragment_Widget.uexp" 1073
"C:/Users/Mehdi/Documents/GitHub/UEGame/Game/Content/ThirdPersonBP/Blueprints/Main_Huds.uasset" 1074
"C:/Users/Mehdi/Documents/GitHub/UEGame/Game/Content/ThirdPersonBP/Blueprints/Main_Huds.uexp" 1075
"C:/Users/Mehdi/Documents/GitHub/UEGame/Game/Content/ThirdPersonBP/Blueprints/Quests_HUD.uasset" 1076
"C:/Users/Mehdi/Documents/GitHub/UEGame/Game/Content/ThirdPersonBP/Blueprints/Quests_HUD.uexp" 1077
"C:/Users/Mehdi/Documents/GitHub/UEGame/Game/Content/ThirdPersonBP/Blueprints/Sprite_Images/PlayerIconMapGray.ubulk" 1078
"C:/Users/Mehdi/Documents/GitHub/UEGame/Game/Content/ThirdPersonBP/Blueprints/Sprite_Images/PlayerIconMapGray.uasset" 1079
"C:/Users/Mehdi/Documents/GitHub/UEGame/Game/Content/ThirdPersonBP/Blueprints/Sprite_Images/PlayerIconMapGray.uexp" 1080
"C:/Users/Mehdi/Documents/GitHub/UEGame/Game/Content/ThirdPersonBP/Blueprints/Sprite_Images/PlayerIconMapGray_Sprite.uasset" 1081
"C:/Users/Mehdi/Documents/GitHub/UEGame/Game/Content/ThirdPersonBP/Blueprints/Sprite_Images/PlayerIconMapGray_Sprite.uexp" 1082
"C:/Users/Mehdi/Documents/GitHub/UEGame/Game/Content/Mannequin/Player/Ch42_nonPBR_Skeleton.uasset" 1083
"C:/Users/Mehdi/Documents/GitHub/UEGame/Game/Content/Mannequin/Player/Ch42_nonPBR_Skeleton.uexp" 1084
"C:/Users/Mehdi/Documents/GitHub/UEGame/Game/Content/Mannequin/Player/Run_Forward.uasset" 1085
"C:/Users/Mehdi/Documents/GitHub/UEGame/Game/Content/Mannequin/Player/Run_Forward.uexp" 1086
"C:/Users/Mehdi/Documents/GitHub/UEGame/Game/Content/Mannequin/Player/Breathing_Idle.uasset" 1087
"C:/Users/Mehdi/Documents/GitHub/UEGame/Game/Content/Mannequin/Player/Breathing_Idle.uexp" 1088
"C:/Users/Mehdi/Documents/GitHub/UEGame/Game/Content/Mannequin/Player/Player_idle.uasset" 1089
"C:/Users/Mehdi/Documents/GitHub/UEGame/Game/Content/Mannequin/Player/Player_idle.uexp" 1090
"C:/Users/Mehdi/Documents/GitHub/UEGame/Game/Content/Mannequin/Player/Player_animation_BP.uasset" 1091
"C:/Users/Mehdi/Documents/GitHub/UEGame/Game/Content/Mannequin/Player/Player_animation_BP.uexp" 1092
"C:/Users/Mehdi/Documents/GitHub/UEGame/Game/Content/Mannequin/Player/Ch42_nonPBR_PhysicsAsset.uasset" 1093
"C:/Users/Mehdi/Documents/GitHub/UEGame/Game/Content/Mannequin/Player/Ch42_nonPBR_PhysicsAsset.uexp" 1094
"C:/Users/Mehdi/Documents/GitHub/UEGame/Game/Content/Mannequin/Player/Ch42_1002_Diffuse.ubulk" 1095
"C:/Users/Mehdi/Documents/GitHub/UEGame/Game/Content/Mannequin/Player/Ch42_1002_Diffuse.uasset" 1096
"C:/Users/Mehdi/Documents/GitHub/UEGame/Game/Content/Mannequin/Player/Ch42_1002_Diffuse.uexp" 1097
"C:/Users/Mehdi/Documents/GitHub/UEGame/Game/Content/Mannequin/Player/Ch42_1001_Normal_ncl1_1.ubulk" 1098
"C:/Users/Mehdi/Documents/GitHub/UEGame/Game/Content/Mannequin/Player/Ch42_1001_Normal_ncl1_1.uasset" 1099
"C:/Users/Mehdi/Documents/GitHub/UEGame/Game/Content/Mannequin/Player/Ch42_1001_Normal_ncl1_1.uexp" 1100
"C:/Users/Mehdi/Documents/GitHub/UEGame/Game/Content/Mannequin/Player/Ch42_Hair.uasset" 1101
"C:/Users/Mehdi/Documents/GitHub/UEGame/Game/Content/Mannequin/Player/Ch42_Hair.uexp" 1102
"C:/Users/Mehdi/Documents/GitHub/UEGame/Game/Content/Mannequin/Player/Ch42_1001_Specular.ubulk" 1103
"C:/Users/Mehdi/Documents/GitHub/UEGame/Game/Content/Mannequin/Player/Ch42_1001_Specular.uasset" 1104
"C:/Users/Mehdi/Documents/GitHub/UEGame/Game/Content/Mannequin/Player/Ch42_1001_Specular.uexp" 1105
"C:/Users/Mehdi/Documents/GitHub/UEGame/Game/Content/Mannequin/Player/Ch42_1001_Normal.ubulk" 1106
"C:/Users/Mehdi/Documents/GitHub/UEGame/Game/Content/Mannequin/Player/Ch42_1001_Normal.uasset" 1107
"C:/Users/Mehdi/Documents/GitHub/UEGame/Game/Content/Mannequin/Player/Ch42_1001_Normal.uexp" 1108
"C:/Users/Mehdi/Documents/GitHub/UEGame/Game/Content/Mannequin/Player/Ch42_1001_Glossiness.ubulk" 1109
"C:/Users/Mehdi/Documents/GitHub/UEGame/Game/Content/Mannequin/Player/Ch42_1001_Glossiness.uasset" 1110
"C:/Users/Mehdi/Documents/GitHub/UEGame/Game/Content/Mannequin/Player/Ch42_1001_Glossiness.uexp" 1111
"C:/Users/Mehdi/Documents/GitHub/UEGame/Game/Content/Mannequin/Player/Ch42_1001_Diffuse.ubulk" 1112
"C:/Users/Mehdi/Documents/GitHub/UEGame/Game/Content/Mannequin/Player/Ch42_1001_Diffuse.uasset" 1113
"C:/Users/Mehdi/Documents/GitHub/UEGame/Game/Content/Mannequin/Player/Ch42_1001_Diffuse.uexp" 1114
"C:/Users/Mehdi/Documents/GitHub/UEGame/Game/Content/Mannequin/Player/Ch42_Body.uasset" 1115
"C:/Users/Mehdi/Documents/GitHub/UEGame/Game/Content/Mannequin/Player/Ch42_Body.uexp" 1116
"C:/Users/Mehdi/Documents/GitHub/UEGame/Game/Content/Mannequin/Player/Ch42_nonPBR.uasset" 1117
"C:/Users/Mehdi/Documents/GitHub/UEGame/Game/Content/Mannequin/Player/Ch42_nonPBR.uexp" 1118
"C:/Users/Mehdi/Documents/GitHub/UEGame/Game/Content/Mannequin/Player/Player_BP.uasset" 1119
"C:/Users/Mehdi/Documents/GitHub/UEGame/Game/Content/Mannequin/Player/Player_BP.uexp" 1120
"C:/Users/Mehdi/Documents/GitHub/UEGame/Game/Content/ThirdPersonBP/Blueprints/Compass_Points.uasset" 1121
"C:/Users/Mehdi/Documents/GitHub/UEGame/Game/Content/ThirdPersonBP/Blueprints/Compass_Points.uexp" 1122
"C:/Users/Mehdi/Documents/GitHub/UEGame/Game/Content/ThirdPersonBP/Blueprints/Sprite_Images/Quest_Main.ubulk" 1123
"C:/Users/Mehdi/Documents/GitHub/UEGame/Game/Content/ThirdPersonBP/Blueprints/Sprite_Images/Quest_Main.uasset" 1124
"C:/Users/Mehdi/Documents/GitHub/UEGame/Game/Content/ThirdPersonBP/Blueprints/Sprite_Images/Quest_Main.uexp" 1125
"C:/Users/Mehdi/Documents/GitHub/UEGame/Game/Content/ThirdPersonBP/Blueprints/CompassWidget.uasset" 1126
"C:/Users/Mehdi/Documents/GitHub/UEGame/Game/Content/ThirdPersonBP/Blueprints/CompassWidget.uexp" 1127
"../../../Engine/Plugins/Animation/DeformerGraph/Content/DeformerFunctions/DG_Function_LinearBlendSkin_Morph_Cloth.uasset" 1128
"../../../Engine/Plugins/Animation/DeformerGraph/Content/DeformerFunctions/DG_Function_LinearBlendSkin_Morph_Cloth.uexp" 1129
"../../../Engine/Plugins/Animation/DeformerGraph/Content/Deformers/DG_LinearBlendSkin_Morph_Cloth.uasset" 1130
"../../../Engine/Plugins/Animation/DeformerGraph/Content/Deformers/DG_LinearBlendSkin_Morph_Cloth.uexp" 1131
"../../../Engine/Plugins/Animation/DeformerGraph/Content/DeformerFunctions/DG_Function_LinearBlendSkin_Morph_Cloth_PositionOnly.uasset" 1132
"../../../Engine/Plugins/Animation/DeformerGraph/Content/DeformerFunctions/DG_Function_LinearBlendSkin_Morph_Cloth_PositionOnly.uexp" 1133
"../../../Engine/Plugins/Animation/DeformerGraph/Content/DeformerFunctions/DG_Function_ComputeNormalsTangents.uasset" 1134
"../../../Engine/Plugins/Animation/DeformerGraph/Content/DeformerFunctions/DG_Function_ComputeNormalsTangents.uexp" 1135
"../../../Engine/Plugins/Animation/DeformerGraph/Content/Deformers/DG_LinearBlendSkin_Morph_Cloth_RecomputeNormals.uasset" 1136
"../../../Engine/Plugins/Animation/DeformerGraph/Content/Deformers/DG_LinearBlendSkin_Morph_Cloth_RecomputeNormals.uexp" 1137
"../../../Engine/Plugins/NNE/NNEDenoiser/Content/NNEDT_Oidn2-3_Balanced.uasset" 1138
"../../../Engine/Plugins/NNE/NNEDenoiser/Content/NNEDT_Oidn2-3_Balanced.uexp" 1139
"../../../Engine/Plugins/NNE/NNEDenoiser/Content/NNEDT_Oidn2-3_Balanced_Alpha.uasset" 1140
"../../../Engine/Plugins/NNE/NNEDenoiser/Content/NNEDT_Oidn2-3_Balanced_Alpha.uexp" 1141
"../../../Engine/Plugins/NNE/NNEDenoiser/Content/NNED_Oidn2-3_Balanced.uasset" 1142
"../../../Engine/Plugins/NNE/NNEDenoiser/Content/NNED_Oidn2-3_Balanced.uexp" 1143
"../../../Engine/Plugins/NNE/NNEDenoiser/Content/NNED_Oidn2-3_Balanced_Alpha.uasset" 1144
"../../../Engine/Plugins/NNE/NNEDenoiser/Content/NNED_Oidn2-3_Balanced_Alpha.uexp" 1145
"../../../Engine/Plugins/NNE/NNEDenoiser/Content/NNED_Oidn2-3_Fast.uasset" 1146
"../../../Engine/Plugins/NNE/NNEDenoiser/Content/NNED_Oidn2-3_Fast.uexp" 1147
"../../../Engine/Plugins/NNE/NNEDenoiser/Content/NNED_Oidn2-3_Fast_Alpha.uasset" 1148
"../../../Engine/Plugins/NNE/NNEDenoiser/Content/NNED_Oidn2-3_Fast_Alpha.uexp" 1149
"../../../Engine/Plugins/NNE/NNEDenoiser/Content/NNED_Oidn2-3_HighQuality.uasset" 1150
"../../../Engine/Plugins/NNE/NNEDenoiser/Content/NNED_Oidn2-3_HighQuality.uexp" 1151
"../../../Engine/Plugins/NNE/NNEDenoiser/Content/NNED_Oidn2-3_HighQuality_Alpha.uasset" 1152
"../../../Engine/Plugins/NNE/NNEDenoiser/Content/NNED_Oidn2-3_HighQuality_Alpha.uexp" 1153
"../../../Engine/Content/BasicShapes/Cube.uasset" 1154
"../../../Engine/Content/BasicShapes/Cube.uexp" 1155
"../../../Engine/Content/EngineMaterials/DefaultPhysicalMaterial.uasset" 1156
"../../../Engine/Content/EngineMaterials/DefaultPhysicalMaterial.uexp" 1157
"C:/Users/Mehdi/Documents/GitHub/UEGame/Game/Content/ThirdPersonBP/Blueprints/ThirdPersonGameMode.uasset" 1158
"C:/Users/Mehdi/Documents/GitHub/UEGame/Game/Content/ThirdPersonBP/Blueprints/ThirdPersonGameMode.uexp" 1159
"../../../Engine/Content/BasicShapes/Sphere.uasset" 1160
"../../../Engine/Content/BasicShapes/Sphere.uexp" 1161
"C:/Users/Mehdi/Documents/GitHub/UEGame/Game/Content/ThirdPersonBP/Blueprints/Sprite_Images/Quest_Main_Sprite.uasset" 1162
"C:/Users/Mehdi/Documents/GitHub/UEGame/Game/Content/ThirdPersonBP/Blueprints/Sprite_Images/Quest_Main_Sprite.uexp" 1163
"C:/Users/Mehdi/Documents/GitHub/UEGame/Game/Content/StarterContent/Textures/T_Smoke_Tiled_D.ubulk" 1164
"C:/Users/Mehdi/Documents/GitHub/UEGame/Game/Content/StarterContent/Textures/T_Smoke_Tiled_D.uasset" 1165
"C:/Users/Mehdi/Documents/GitHub/UEGame/Game/Content/StarterContent/Textures/T_Smoke_Tiled_D.uexp" 1166
"C:/Users/Mehdi/Documents/GitHub/UEGame/Game/Content/StarterContent/Textures/T_Smoke_SubUV.ubulk" 1167
"C:/Users/Mehdi/Documents/GitHub/UEGame/Game/Content/StarterContent/Textures/T_Smoke_SubUV.uasset" 1168
"C:/Users/Mehdi/Documents/GitHub/UEGame/Game/Content/StarterContent/Textures/T_Smoke_SubUV.uexp" 1169
"C:/Users/Mehdi/Documents/GitHub/UEGame/Game/Content/StarterContent/Particles/Materials/M_smoke_subUV.uasset" 1170
"C:/Users/Mehdi/Documents/GitHub/UEGame/Game/Content/StarterContent/Particles/Materials/M_smoke_subUV.uexp" 1171
"C:/Users/Mehdi/Documents/GitHub/UEGame/Game/Content/StarterContent/Textures/T_Spark_Core.ubulk" 1172
"C:/Users/Mehdi/Documents/GitHub/UEGame/Game/Content/StarterContent/Textures/T_Spark_Core.uasset" 1173
"C:/Users/Mehdi/Documents/GitHub/UEGame/Game/Content/StarterContent/Textures/T_Spark_Core.uexp" 1174
"C:/Users/Mehdi/Documents/GitHub/UEGame/Game/Content/StarterContent/Particles/Materials/M_Spark.uasset" 1175
"C:/Users/Mehdi/Documents/GitHub/UEGame/Game/Content/StarterContent/Particles/Materials/M_Spark.uexp" 1176
"../../../Engine/Content/Functions/Engine_MaterialFunctions01/Gradient/RadialGradient.uasset" 1177
"../../../Engine/Content/Functions/Engine_MaterialFunctions01/Gradient/RadialGradient.uexp" 1178
"C:/Users/Mehdi/Documents/GitHub/UEGame/Game/Content/StarterContent/Particles/Materials/M_Radial_Gradient.uasset" 1179
"C:/Users/Mehdi/Documents/GitHub/UEGame/Game/Content/StarterContent/Particles/Materials/M_Radial_Gradient.uexp" 1180
"C:/Users/Mehdi/Documents/GitHub/UEGame/Game/Content/StarterContent/Particles/P_Sparks.uasset" 1181
"C:/Users/Mehdi/Documents/GitHub/UEGame/Game/Content/StarterContent/Particles/P_Sparks.uexp" 1182
"C:/Users/Mehdi/Documents/GitHub/UEGame/Game/Content/portal/Meshs/SM_Portal2.uasset" 1183
"C:/Users/Mehdi/Documents/GitHub/UEGame/Game/Content/portal/Meshs/SM_Portal2.uexp" 1184
"C:/Users/Mehdi/Documents/GitHub/UEGame/Game/Content/portal/Meshs/SM_Portal.uasset" 1185
"C:/Users/Mehdi/Documents/GitHub/UEGame/Game/Content/portal/Meshs/SM_Portal.uexp" 1186
"C:/Users/Mehdi/Documents/GitHub/UEGame/Game/Content/portal/Materials/M_MaterialPortal3.uasset" 1187
"C:/Users/Mehdi/Documents/GitHub/UEGame/Game/Content/portal/Materials/M_MaterialPortal3.uexp" 1188
"C:/Users/Mehdi/Documents/GitHub/UEGame/Game/Content/portal/Materials/M_MaterialPortal2.uasset" 1189
"C:/Users/Mehdi/Documents/GitHub/UEGame/Game/Content/portal/Materials/M_MaterialPortal2.uexp" 1190
"C:/Users/Mehdi/Documents/GitHub/UEGame/Game/Content/portal/Materials/M_MaterialPortal1.uasset" 1191
"C:/Users/Mehdi/Documents/GitHub/UEGame/Game/Content/portal/Materials/M_MaterialPortal1.uexp" 1192
"C:/Users/Mehdi/Documents/GitHub/UEGame/Game/Content/portal/Versions/P-A-M/BP_Portal0.uasset" 1193
"C:/Users/Mehdi/Documents/GitHub/UEGame/Game/Content/portal/Versions/P-A-M/BP_Portal0.uexp" 1194
"C:/Users/Mehdi/Documents/GitHub/UEGame/Game/Content/Avatars/monstre/Idle__1__Skeleton.uasset" 1195
"C:/Users/Mehdi/Documents/GitHub/UEGame/Game/Content/Avatars/monstre/Idle__1__Skeleton.uexp" 1196
"C:/Users/Mehdi/Documents/GitHub/UEGame/Game/Content/Avatars/monstre/Idle__1__Anim_mixamo_com.uasset" 1197
"C:/Users/Mehdi/Documents/GitHub/UEGame/Game/Content/Avatars/monstre/Idle__1__Anim_mixamo_com.uexp" 1198
"C:/Users/Mehdi/Documents/GitHub/UEGame/Game/Content/Avatars/monstre/parasiteZombie_specular.ubulk" 1199
"C:/Users/Mehdi/Documents/GitHub/UEGame/Game/Content/Avatars/monstre/parasiteZombie_specular.uasset" 1200
"C:/Users/Mehdi/Documents/GitHub/UEGame/Game/Content/Avatars/monstre/parasiteZombie_specular.uexp" 1201
"C:/Users/Mehdi/Documents/GitHub/UEGame/Game/Content/Avatars/monstre/parasiteZombie_normal.ubulk" 1202
"C:/Users/Mehdi/Documents/GitHub/UEGame/Game/Content/Avatars/monstre/parasiteZombie_normal.uasset" 1203
"C:/Users/Mehdi/Documents/GitHub/UEGame/Game/Content/Avatars/monstre/parasiteZombie_normal.uexp" 1204
"C:/Users/Mehdi/Documents/GitHub/UEGame/Game/Content/Avatars/monstre/parasiteZombie_diffuse_ncl1_1.ubulk" 1205
"C:/Users/Mehdi/Documents/GitHub/UEGame/Game/Content/Avatars/monstre/parasiteZombie_diffuse_ncl1_1.uasset" 1206
"C:/Users/Mehdi/Documents/GitHub/UEGame/Game/Content/Avatars/monstre/parasiteZombie_diffuse_ncl1_1.uexp" 1207
"C:/Users/Mehdi/Documents/GitHub/UEGame/Game/Content/Avatars/monstre/parasiteZombie_diffuse.ubulk" 1208
"C:/Users/Mehdi/Documents/GitHub/UEGame/Game/Content/Avatars/monstre/parasiteZombie_diffuse.uasset" 1209
"C:/Users/Mehdi/Documents/GitHub/UEGame/Game/Content/Avatars/monstre/parasiteZombie_diffuse.uexp" 1210
"C:/Users/Mehdi/Documents/GitHub/UEGame/Game/Content/Avatars/monstre/parasitezombie_Material.uasset" 1211
"C:/Users/Mehdi/Documents/GitHub/UEGame/Game/Content/Avatars/monstre/parasitezombie_Material.uexp" 1212
"C:/Users/Mehdi/Documents/GitHub/UEGame/Game/Content/Avatars/monstre/Idle__1__PhysicsAsset.uasset" 1213
"C:/Users/Mehdi/Documents/GitHub/UEGame/Game/Content/Avatars/monstre/Idle__1__PhysicsAsset.uexp" 1214
"C:/Users/Mehdi/Documents/GitHub/UEGame/Game/Content/Avatars/monstre/Idle__1_.uasset" 1215
"C:/Users/Mehdi/Documents/GitHub/UEGame/Game/Content/Avatars/monstre/Idle__1_.uexp" 1216
"C:/Users/Mehdi/Documents/GitHub/UEGame/Game/Content/Avatars/Astral/Ch34_1001_Specular.ubulk" 1217
"C:/Users/Mehdi/Documents/GitHub/UEGame/Game/Content/Avatars/Astral/Ch34_1001_Specular.uasset" 1218
"C:/Users/Mehdi/Documents/GitHub/UEGame/Game/Content/Avatars/Astral/Ch34_1001_Specular.uexp" 1219
"C:/Users/Mehdi/Documents/GitHub/UEGame/Game/Content/Avatars/Astral/Ch34_1001_Normal.ubulk" 1220
"C:/Users/Mehdi/Documents/GitHub/UEGame/Game/Content/Avatars/Astral/Ch34_1001_Normal.uasset" 1221
"C:/Users/Mehdi/Documents/GitHub/UEGame/Game/Content/Avatars/Astral/Ch34_1001_Normal.uexp" 1222
"C:/Users/Mehdi/Documents/GitHub/UEGame/Game/Content/Avatars/Astral/Ch34_1001_Glossiness.ubulk" 1223
"C:/Users/Mehdi/Documents/GitHub/UEGame/Game/Content/Avatars/Astral/Ch34_1001_Glossiness.uasset" 1224
"C:/Users/Mehdi/Documents/GitHub/UEGame/Game/Content/Avatars/Astral/Ch34_1001_Glossiness.uexp" 1225
"C:/Users/Mehdi/Documents/GitHub/UEGame/Game/Content/Avatars/Astral/Ch34_1001_Diffuse.ubulk" 1226
"C:/Users/Mehdi/Documents/GitHub/UEGame/Game/Content/Avatars/Astral/Ch34_1001_Diffuse.uasset" 1227
"C:/Users/Mehdi/Documents/GitHub/UEGame/Game/Content/Avatars/Astral/Ch34_1001_Diffuse.uexp" 1228
"C:/Users/Mehdi/Documents/GitHub/UEGame/Game/Content/Avatars/Astral/phong1.uasset" 1229
"C:/Users/Mehdi/Documents/GitHub/UEGame/Game/Content/Avatars/Astral/phong1.uexp" 1230
"C:/Users/Mehdi/Documents/GitHub/UEGame/Game/Content/Avatars/Astral/Idle-Astral_Skeleton.uasset" 1231
"C:/Users/Mehdi/Documents/GitHub/UEGame/Game/Content/Avatars/Astral/Idle-Astral_Skeleton.uexp" 1232
"C:/Users/Mehdi/Documents/GitHub/UEGame/Game/Content/Avatars/Astral/Idle-Astral_PhysicsAsset.uasset" 1233
"C:/Users/Mehdi/Documents/GitHub/UEGame/Game/Content/Avatars/Astral/Idle-Astral_PhysicsAsset.uexp" 1234
"C:/Users/Mehdi/Documents/GitHub/UEGame/Game/Content/Avatars/Astral/Idle-Astral.uasset" 1235
"C:/Users/Mehdi/Documents/GitHub/UEGame/Game/Content/Avatars/Astral/Idle-Astral.uexp" 1236
"C:/Users/Mehdi/Documents/GitHub/UEGame/Game/Content/Avatars/Astral/Idle-Astral_Anim_mixamo_com.uasset" 1237
"C:/Users/Mehdi/Documents/GitHub/UEGame/Game/Content/Avatars/Astral/Idle-Astral_Anim_mixamo_com.uexp" 1238
"C:/Users/Mehdi/Documents/GitHub/UEGame/Game/Content/Avatars/Astral/Astral_BP.uasset" 1239
"C:/Users/Mehdi/Documents/GitHub/UEGame/Game/Content/Avatars/Astral/Astral_BP.uexp" 1240
"C:/Users/Mehdi/Documents/GitHub/UEGame/Game/Content/AnimalVarietyPack/Wolf/Meshes/SK_Wolf_Skeleton.uasset" 1241
"C:/Users/Mehdi/Documents/GitHub/UEGame/Game/Content/AnimalVarietyPack/Wolf/Meshes/SK_Wolf_Skeleton.uexp" 1242
"C:/Users/Mehdi/Documents/GitHub/UEGame/Game/Content/AnimalVarietyPack/Wolf/Meshes/SK_Wolf_PhysicsAsset.uasset" 1243
"C:/Users/Mehdi/Documents/GitHub/UEGame/Game/Content/AnimalVarietyPack/Wolf/Meshes/SK_Wolf_PhysicsAsset.uexp" 1244
"C:/Users/Mehdi/Documents/GitHub/UEGame/Game/Content/AnimalVarietyPack/Wolf/Textures/T_Wolf_Specular.uasset" 1245
"C:/Users/Mehdi/Documents/GitHub/UEGame/Game/Content/AnimalVarietyPack/Wolf/Textures/T_Wolf_Specular.uexp" 1246
"C:/Users/Mehdi/Documents/GitHub/UEGame/Game/Content/AnimalVarietyPack/Wolf/Textures/T_Wolf_OcclusionRoughnessMetallic.ubulk" 1247
"C:/Users/Mehdi/Documents/GitHub/UEGame/Game/Content/AnimalVarietyPack/Wolf/Textures/T_Wolf_OcclusionRoughnessMetallic.uasset" 1248
"C:/Users/Mehdi/Documents/GitHub/UEGame/Game/Content/AnimalVarietyPack/Wolf/Textures/T_Wolf_OcclusionRoughnessMetallic.uexp" 1249
"C:/Users/Mehdi/Documents/GitHub/UEGame/Game/Content/AnimalVarietyPack/Wolf/Textures/T_Wolf_Nml.ubulk" 1250
"C:/Users/Mehdi/Documents/GitHub/UEGame/Game/Content/AnimalVarietyPack/Wolf/Textures/T_Wolf_Nml.uasset" 1251
"C:/Users/Mehdi/Documents/GitHub/UEGame/Game/Content/AnimalVarietyPack/Wolf/Textures/T_Wolf_Nml.uexp" 1252
"C:/Users/Mehdi/Documents/GitHub/UEGame/Game/Content/AnimalVarietyPack/Wolf/Textures/T_Wolf_BaseColorAlpha.ubulk" 1253
"C:/Users/Mehdi/Documents/GitHub/UEGame/Game/Content/AnimalVarietyPack/Wolf/Textures/T_Wolf_BaseColorAlpha.uasset" 1254
"C:/Users/Mehdi/Documents/GitHub/UEGame/Game/Content/AnimalVarietyPack/Wolf/Textures/T_Wolf_BaseColorAlpha.uexp" 1255
"C:/Users/Mehdi/Documents/GitHub/UEGame/Game/Content/AnimalVarietyPack/Wolf/Materials/M_WolfFur.uasset" 1256
"C:/Users/Mehdi/Documents/GitHub/UEGame/Game/Content/AnimalVarietyPack/Wolf/Materials/M_WolfFur.uexp" 1257
"C:/Users/Mehdi/Documents/GitHub/UEGame/Game/Content/AnimalVarietyPack/Wolf/Materials/M_Wolf.uasset" 1258
"C:/Users/Mehdi/Documents/GitHub/UEGame/Game/Content/AnimalVarietyPack/Wolf/Materials/M_Wolf.uexp" 1259
"C:/Users/Mehdi/Documents/GitHub/UEGame/Game/Content/AnimalVarietyPack/Wolf/Meshes/SK_Wolf.uasset" 1260
"C:/Users/Mehdi/Documents/GitHub/UEGame/Game/Content/AnimalVarietyPack/Wolf/Meshes/SK_Wolf.uexp" 1261
"C:/Users/Mehdi/Documents/GitHub/UEGame/Game/Content/AnimalVarietyPack/Fox/Meshes/SK_Fox_Skeleton.uasset" 1262
"C:/Users/Mehdi/Documents/GitHub/UEGame/Game/Content/AnimalVarietyPack/Fox/Meshes/SK_Fox_Skeleton.uexp" 1263
"C:/Users/Mehdi/Documents/GitHub/UEGame/Game/Content/AnimalVarietyPack/Fox/Meshes/SK_Fox_PhysicsAsset.uasset" 1264
"C:/Users/Mehdi/Documents/GitHub/UEGame/Game/Content/AnimalVarietyPack/Fox/Meshes/SK_Fox_PhysicsAsset.uexp" 1265
"C:/Users/Mehdi/Documents/GitHub/UEGame/Game/Content/AnimalVarietyPack/Fox/Textures/T_Fox_Specular.uasset" 1266
"C:/Users/Mehdi/Documents/GitHub/UEGame/Game/Content/AnimalVarietyPack/Fox/Textures/T_Fox_Specular.uexp" 1267
"C:/Users/Mehdi/Documents/GitHub/UEGame/Game/Content/AnimalVarietyPack/Fox/Textures/T_Fox_OcclusionRoughnessMetallic.ubulk" 1268
"C:/Users/Mehdi/Documents/GitHub/UEGame/Game/Content/AnimalVarietyPack/Fox/Textures/T_Fox_OcclusionRoughnessMetallic.uasset" 1269
"C:/Users/Mehdi/Documents/GitHub/UEGame/Game/Content/AnimalVarietyPack/Fox/Textures/T_Fox_OcclusionRoughnessMetallic.uexp" 1270
"C:/Users/Mehdi/Documents/GitHub/UEGame/Game/Content/AnimalVarietyPack/Fox/Textures/T_Fox_Nml.ubulk" 1271
"C:/Users/Mehdi/Documents/GitHub/UEGame/Game/Content/AnimalVarietyPack/Fox/Textures/T_Fox_Nml.uasset" 1272
"C:/Users/Mehdi/Documents/GitHub/UEGame/Game/Content/AnimalVarietyPack/Fox/Textures/T_Fox_Nml.uexp" 1273
"C:/Users/Mehdi/Documents/GitHub/UEGame/Game/Content/AnimalVarietyPack/Fox/Textures/T_Fox_BaseColor.ubulk" 1274
"C:/Users/Mehdi/Documents/GitHub/UEGame/Game/Content/AnimalVarietyPack/Fox/Textures/T_Fox_BaseColor.uasset" 1275
"C:/Users/Mehdi/Documents/GitHub/UEGame/Game/Content/AnimalVarietyPack/Fox/Textures/T_Fox_BaseColor.uexp" 1276
"C:/Users/Mehdi/Documents/GitHub/UEGame/Game/Content/AnimalVarietyPack/Fox/Materials/M_FoxFur.uasset" 1277
"C:/Users/Mehdi/Documents/GitHub/UEGame/Game/Content/AnimalVarietyPack/Fox/Materials/M_FoxFur.uexp" 1278
"C:/Users/Mehdi/Documents/GitHub/UEGame/Game/Content/AnimalVarietyPack/Fox/Materials/M_Fox.uasset" 1279
"C:/Users/Mehdi/Documents/GitHub/UEGame/Game/Content/AnimalVarietyPack/Fox/Materials/M_Fox.uexp" 1280
"C:/Users/Mehdi/Documents/GitHub/UEGame/Game/Content/AnimalVarietyPack/Fox/Meshes/SK_Fox.uasset" 1281
"C:/Users/Mehdi/Documents/GitHub/UEGame/Game/Content/AnimalVarietyPack/Fox/Meshes/SK_Fox.uexp" 1282
"C:/Users/Mehdi/Documents/GitHub/UEGame/Game/Content/AnimalVarietyPack/DeerStagAndDoe/Meshes/SK_DeerStag_Skeleton.uasset" 1283
"C:/Users/Mehdi/Documents/GitHub/UEGame/Game/Content/AnimalVarietyPack/DeerStagAndDoe/Meshes/SK_DeerStag_Skeleton.uexp" 1284
"C:/Users/Mehdi/Documents/GitHub/UEGame/Game/Content/AnimalVarietyPack/DeerStagAndDoe/Meshes/SK_DeerStag_PhysicsAsset.uasset" 1285
"C:/Users/Mehdi/Documents/GitHub/UEGame/Game/Content/AnimalVarietyPack/DeerStagAndDoe/Meshes/SK_DeerStag_PhysicsAsset.uexp" 1286
"C:/Users/Mehdi/Documents/GitHub/UEGame/Game/Content/AnimalVarietyPack/DeerStagAndDoe/Textures/T_Stag_Specular.uasset" 1287
"C:/Users/Mehdi/Documents/GitHub/UEGame/Game/Content/AnimalVarietyPack/DeerStagAndDoe/Textures/T_Stag_Specular.uexp" 1288
"C:/Users/Mehdi/Documents/GitHub/UEGame/Game/Content/AnimalVarietyPack/DeerStagAndDoe/Textures/T_Stag_OcclusionRoughnessMetllic.ubulk" 1289
"C:/Users/Mehdi/Documents/GitHub/UEGame/Game/Content/AnimalVarietyPack/DeerStagAndDoe/Textures/T_Stag_OcclusionRoughnessMetllic.uasset" 1290
"C:/Users/Mehdi/Documents/GitHub/UEGame/Game/Content/AnimalVarietyPack/DeerStagAndDoe/Textures/T_Stag_OcclusionRoughnessMetllic.uexp" 1291
"C:/Users/Mehdi/Documents/GitHub/UEGame/Game/Content/AnimalVarietyPack/DeerStagAndDoe/Textures/T_Stag_Nml.ubulk" 1292
"C:/Users/Mehdi/Documents/GitHub/UEGame/Game/Content/AnimalVarietyPack/DeerStagAndDoe/Textures/T_Stag_Nml.uasset" 1293
"C:/Users/Mehdi/Documents/GitHub/UEGame/Game/Content/AnimalVarietyPack/DeerStagAndDoe/Textures/T_Stag_Nml.uexp" 1294
"C:/Users/Mehdi/Documents/GitHub/UEGame/Game/Content/AnimalVarietyPack/DeerStagAndDoe/Textures/T_Stag_BaseColor.ubulk" 1295
"C:/Users/Mehdi/Documents/GitHub/UEGame/Game/Content/AnimalVarietyPack/DeerStagAndDoe/Textures/T_Stag_BaseColor.uasset" 1296
"C:/Users/Mehdi/Documents/GitHub/UEGame/Game/Content/AnimalVarietyPack/DeerStagAndDoe/Textures/T_Stag_BaseColor.uexp" 1297
"C:/Users/Mehdi/Documents/GitHub/UEGame/Game/Content/AnimalVarietyPack/DeerStagAndDoe/Materials/M_DeerStagFur.uasset" 1298
"C:/Users/Mehdi/Documents/GitHub/UEGame/Game/Content/AnimalVarietyPack/DeerStagAndDoe/Materials/M_DeerStagFur.uexp" 1299
"C:/Users/Mehdi/Documents/GitHub/UEGame/Game/Content/AnimalVarietyPack/DeerStagAndDoe/Materials/M_DeerStag.uasset" 1300
"C:/Users/Mehdi/Documents/GitHub/UEGame/Game/Content/AnimalVarietyPack/DeerStagAndDoe/Materials/M_DeerStag.uexp" 1301
"C:/Users/Mehdi/Documents/GitHub/UEGame/Game/Content/AnimalVarietyPack/DeerStagAndDoe/Meshes/SK_DeerStag.uasset" 1302
"C:/Users/Mehdi/Documents/GitHub/UEGame/Game/Content/AnimalVarietyPack/DeerStagAndDoe/Meshes/SK_DeerStag.uexp" 1303
"C:/Users/Mehdi/Documents/GitHub/UEGame/Game/Content/AnimalVarietyPack/DeerStagAndDoe/Meshes/SK_DeerDoe_Skeleton.uasset" 1304
"C:/Users/Mehdi/Documents/GitHub/UEGame/Game/Content/AnimalVarietyPack/DeerStagAndDoe/Meshes/SK_DeerDoe_Skeleton.uexp" 1305
"C:/Users/Mehdi/Documents/GitHub/UEGame/Game/Content/AnimalVarietyPack/DeerStagAndDoe/Meshes/SK_DeerDoe_PhysicsAsset.uasset" 1306
"C:/Users/Mehdi/Documents/GitHub/UEGame/Game/Content/AnimalVarietyPack/DeerStagAndDoe/Meshes/SK_DeerDoe_PhysicsAsset.uexp" 1307
"C:/Users/Mehdi/Documents/GitHub/UEGame/Game/Content/AnimalVarietyPack/DeerStagAndDoe/Textures/T_DeerDoe_OcclusionRoughnessMetallic.ubulk" 1308
"C:/Users/Mehdi/Documents/GitHub/UEGame/Game/Content/AnimalVarietyPack/DeerStagAndDoe/Textures/T_DeerDoe_OcclusionRoughnessMetallic.uasset" 1309
"C:/Users/Mehdi/Documents/GitHub/UEGame/Game/Content/AnimalVarietyPack/DeerStagAndDoe/Textures/T_DeerDoe_OcclusionRoughnessMetallic.uexp" 1310
"C:/Users/Mehdi/Documents/GitHub/UEGame/Game/Content/AnimalVarietyPack/DeerStagAndDoe/Textures/T_DeeDoe_Nml.ubulk" 1311
"C:/Users/Mehdi/Documents/GitHub/UEGame/Game/Content/AnimalVarietyPack/DeerStagAndDoe/Textures/T_DeeDoe_Nml.uasset" 1312
"C:/Users/Mehdi/Documents/GitHub/UEGame/Game/Content/AnimalVarietyPack/DeerStagAndDoe/Textures/T_DeeDoe_Nml.uexp" 1313
"C:/Users/Mehdi/Documents/GitHub/UEGame/Game/Content/AnimalVarietyPack/DeerStagAndDoe/Textures/T_DeeDoe_BaseColor.ubulk" 1314
"C:/Users/Mehdi/Documents/GitHub/UEGame/Game/Content/AnimalVarietyPack/DeerStagAndDoe/Textures/T_DeeDoe_BaseColor.uasset" 1315
"C:/Users/Mehdi/Documents/GitHub/UEGame/Game/Content/AnimalVarietyPack/DeerStagAndDoe/Textures/T_DeeDoe_BaseColor.uexp" 1316
"C:/Users/Mehdi/Documents/GitHub/UEGame/Game/Content/AnimalVarietyPack/DeerStagAndDoe/Materials/M_DeerDoeFur.uasset" 1317
"C:/Users/Mehdi/Documents/GitHub/UEGame/Game/Content/AnimalVarietyPack/DeerStagAndDoe/Materials/M_DeerDoeFur.uexp" 1318
"C:/Users/Mehdi/Documents/GitHub/UEGame/Game/Content/AnimalVarietyPack/DeerStagAndDoe/Materials/M_DeerDoe.uasset" 1319
"C:/Users/Mehdi/Documents/GitHub/UEGame/Game/Content/AnimalVarietyPack/DeerStagAndDoe/Materials/M_DeerDoe.uexp" 1320
"C:/Users/Mehdi/Documents/GitHub/UEGame/Game/Content/AnimalVarietyPack/DeerStagAndDoe/Meshes/SK_DeerDoe.uasset" 1321
"C:/Users/Mehdi/Documents/GitHub/UEGame/Game/Content/AnimalVarietyPack/DeerStagAndDoe/Meshes/SK_DeerDoe.uexp" 1322
"C:/Users/Mehdi/Documents/GitHub/UEGame/Game/Content/AnimalVarietyPack/Crow/Meshes/SK_Crow_Skeleton.uasset" 1323
"C:/Users/Mehdi/Documents/GitHub/UEGame/Game/Content/AnimalVarietyPack/Crow/Meshes/SK_Crow_Skeleton.uexp" 1324
"C:/Users/Mehdi/Documents/GitHub/UEGame/Game/Content/AnimalVarietyPack/Crow/Meshes/SK_Crow_PhysicsAsset.uasset" 1325
"C:/Users/Mehdi/Documents/GitHub/UEGame/Game/Content/AnimalVarietyPack/Crow/Meshes/SK_Crow_PhysicsAsset.uexp" 1326
"C:/Users/Mehdi/Documents/GitHub/UEGame/Game/Content/AnimalVarietyPack/Crow/Textures/T_Crow_Specular.uasset" 1327
"C:/Users/Mehdi/Documents/GitHub/UEGame/Game/Content/AnimalVarietyPack/Crow/Textures/T_Crow_Specular.uexp" 1328
"C:/Users/Mehdi/Documents/GitHub/UEGame/Game/Content/AnimalVarietyPack/Crow/Textures/T_Crow_OcclusionRoughnessMetallic.ubulk" 1329
"C:/Users/Mehdi/Documents/GitHub/UEGame/Game/Content/AnimalVarietyPack/Crow/Textures/T_Crow_OcclusionRoughnessMetallic.uasset" 1330
"C:/Users/Mehdi/Documents/GitHub/UEGame/Game/Content/AnimalVarietyPack/Crow/Textures/T_Crow_OcclusionRoughnessMetallic.uexp" 1331
"C:/Users/Mehdi/Documents/GitHub/UEGame/Game/Content/AnimalVarietyPack/Crow/Textures/T_Crow_Nml.ubulk" 1332
"C:/Users/Mehdi/Documents/GitHub/UEGame/Game/Content/AnimalVarietyPack/Crow/Textures/T_Crow_Nml.uasset" 1333
"C:/Users/Mehdi/Documents/GitHub/UEGame/Game/Content/AnimalVarietyPack/Crow/Textures/T_Crow_Nml.uexp" 1334
"C:/Users/Mehdi/Documents/GitHub/UEGame/Game/Content/AnimalVarietyPack/Crow/Textures/T_Crow_BaseColor.ubulk" 1335
"C:/Users/Mehdi/Documents/GitHub/UEGame/Game/Content/AnimalVarietyPack/Crow/Textures/T_Crow_BaseColor.uasset" 1336
"C:/Users/Mehdi/Documents/GitHub/UEGame/Game/Content/AnimalVarietyPack/Crow/Textures/T_Crow_BaseColor.uexp" 1337
"C:/Users/Mehdi/Documents/GitHub/UEGame/Game/Content/AnimalVarietyPack/Crow/Materials/M_Crow.uasset" 1338
"C:/Users/Mehdi/Documents/GitHub/UEGame/Game/Content/AnimalVarietyPack/Crow/Materials/M_Crow.uexp" 1339
"C:/Users/Mehdi/Documents/GitHub/UEGame/Game/Content/AnimalVarietyPack/Crow/Meshes/SK_Crow.uasset" 1340
"C:/Users/Mehdi/Documents/GitHub/UEGame/Game/Content/AnimalVarietyPack/Crow/Meshes/SK_Crow.uexp" 1341
"C:/Users/Mehdi/Documents/GitHub/UEGame/Game/Content/AdvancedVillagePack/Textures/T_Pack_03_E.ubulk" 1342
"C:/Users/Mehdi/Documents/GitHub/UEGame/Game/Content/AdvancedVillagePack/Textures/T_Pack_03_E.uasset" 1343
"C:/Users/Mehdi/Documents/GitHub/UEGame/Game/Content/AdvancedVillagePack/Textures/T_Pack_03_E.uexp" 1344
"C:/Users/Mehdi/Documents/GitHub/UEGame/Game/Content/AdvancedVillagePack/Textures/T_Pack_02_RM.ubulk" 1345
"C:/Users/Mehdi/Documents/GitHub/UEGame/Game/Content/AdvancedVillagePack/Textures/T_Pack_02_RM.uasset" 1346
"C:/Users/Mehdi/Documents/GitHub/UEGame/Game/Content/AdvancedVillagePack/Textures/T_Pack_02_RM.uexp" 1347
"C:/Users/Mehdi/Documents/GitHub/UEGame/Game/Content/AdvancedVillagePack/Textures/T_Pack_02_N.ubulk" 1348
"C:/Users/Mehdi/Documents/GitHub/UEGame/Game/Content/AdvancedVillagePack/Textures/T_Pack_02_N.uasset" 1349
"C:/Users/Mehdi/Documents/GitHub/UEGame/Game/Content/AdvancedVillagePack/Textures/T_Pack_02_N.uexp" 1350
"C:/Users/Mehdi/Documents/GitHub/UEGame/Game/Content/AdvancedVillagePack/Textures/T_Pack_02_D.ubulk" 1351
"C:/Users/Mehdi/Documents/GitHub/UEGame/Game/Content/AdvancedVillagePack/Textures/T_Pack_02_D.uasset" 1352
"C:/Users/Mehdi/Documents/GitHub/UEGame/Game/Content/AdvancedVillagePack/Textures/T_Pack_02_D.uexp" 1353
"C:/Users/Mehdi/Documents/GitHub/UEGame/Game/Content/AdvancedVillagePack/Textures/T_Pack_01_RM.ubulk" 1354
"C:/Users/Mehdi/Documents/GitHub/UEGame/Game/Content/AdvancedVillagePack/Textures/T_Pack_01_RM.uasset" 1355
"C:/Users/Mehdi/Documents/GitHub/UEGame/Game/Content/AdvancedVillagePack/Textures/T_Pack_01_RM.uexp" 1356
"C:/Users/Mehdi/Documents/GitHub/UEGame/Game/Content/AdvancedVillagePack/Textures/T_Pack_01_N.ubulk" 1357
"C:/Users/Mehdi/Documents/GitHub/UEGame/Game/Content/AdvancedVillagePack/Textures/T_Pack_01_N.uasset" 1358
"C:/Users/Mehdi/Documents/GitHub/UEGame/Game/Content/AdvancedVillagePack/Textures/T_Pack_01_N.uexp" 1359
"C:/Users/Mehdi/Documents/GitHub/UEGame/Game/Content/AdvancedVillagePack/Textures/T_Pack_01_D.ubulk" 1360
"C:/Users/Mehdi/Documents/GitHub/UEGame/Game/Content/AdvancedVillagePack/Textures/T_Pack_01_D.uasset" 1361
"C:/Users/Mehdi/Documents/GitHub/UEGame/Game/Content/AdvancedVillagePack/Textures/T_Pack_01_D.uexp" 1362
"C:/Users/Mehdi/Documents/GitHub/UEGame/Game/Content/AdvancedVillagePack/Textures/T_Detail_N.ubulk" 1363
"C:/Users/Mehdi/Documents/GitHub/UEGame/Game/Content/AdvancedVillagePack/Textures/T_Detail_N.uasset" 1364
"C:/Users/Mehdi/Documents/GitHub/UEGame/Game/Content/AdvancedVillagePack/Textures/T_Detail_N.uexp" 1365
"C:/Users/Mehdi/Documents/GitHub/UEGame/Game/Content/AdvancedVillagePack/Materials/M_Uber.uasset" 1366
"C:/Users/Mehdi/Documents/GitHub/UEGame/Game/Content/AdvancedVillagePack/Materials/M_Uber.uexp" 1367
"C:/Users/Mehdi/Documents/GitHub/UEGame/Game/Content/AdvancedVillagePack/Materials/M_Inst_Pack_02.uasset" 1368
"C:/Users/Mehdi/Documents/GitHub/UEGame/Game/Content/AdvancedVillagePack/Materials/M_Inst_Pack_02.uexp" 1369
"C:/Users/Mehdi/Documents/GitHub/UEGame/Game/Content/AdvancedVillagePack/Meshes/SM_Mushroom_Var05.uasset" 1370
"C:/Users/Mehdi/Documents/GitHub/UEGame/Game/Content/AdvancedVillagePack/Meshes/SM_Mushroom_Var05.uexp" 1371
"C:/Users/Mehdi/Documents/GitHub/UEGame/Game/Content/AdvancedVillagePack/Textures/T_Pack_06_RM.ubulk" 1372
"C:/Users/Mehdi/Documents/GitHub/UEGame/Game/Content/AdvancedVillagePack/Textures/T_Pack_06_RM.uasset" 1373
"C:/Users/Mehdi/Documents/GitHub/UEGame/Game/Content/AdvancedVillagePack/Textures/T_Pack_06_RM.uexp" 1374
"C:/Users/Mehdi/Documents/GitHub/UEGame/Game/Content/AdvancedVillagePack/Textures/T_Pack_06_O.ubulk" 1375
"C:/Users/Mehdi/Documents/GitHub/UEGame/Game/Content/AdvancedVillagePack/Textures/T_Pack_06_O.uasset" 1376
"C:/Users/Mehdi/Documents/GitHub/UEGame/Game/Content/AdvancedVillagePack/Textures/T_Pack_06_O.uexp" 1377
"C:/Users/Mehdi/Documents/GitHub/UEGame/Game/Content/AdvancedVillagePack/Textures/T_Pack_06_N.ubulk" 1378
"C:/Users/Mehdi/Documents/GitHub/UEGame/Game/Content/AdvancedVillagePack/Textures/T_Pack_06_N.uasset" 1379
"C:/Users/Mehdi/Documents/GitHub/UEGame/Game/Content/AdvancedVillagePack/Textures/T_Pack_06_N.uexp" 1380
"C:/Users/Mehdi/Documents/GitHub/UEGame/Game/Content/AdvancedVillagePack/Textures/T_Pack_06_D.ubulk" 1381
"C:/Users/Mehdi/Documents/GitHub/UEGame/Game/Content/AdvancedVillagePack/Textures/T_Pack_06_D.uasset" 1382
"C:/Users/Mehdi/Documents/GitHub/UEGame/Game/Content/AdvancedVillagePack/Textures/T_Pack_06_D.uexp" 1383
"C:/Users/Mehdi/Documents/GitHub/UEGame/Game/Content/AdvancedVillagePack/Materials/M_Uber_Cutout.uasset" 1384
"C:/Users/Mehdi/Documents/GitHub/UEGame/Game/Content/AdvancedVillagePack/Materials/M_Uber_Cutout.uexp" 1385
"C:/Users/Mehdi/Documents/GitHub/UEGame/Game/Content/AdvancedVillagePack/Materials/M_Inst_Pack_06_Cutout.uasset" 1386
"C:/Users/Mehdi/Documents/GitHub/UEGame/Game/Content/AdvancedVillagePack/Materials/M_Inst_Pack_06_Cutout.uexp" 1387
"C:/Users/Mehdi/Documents/GitHub/UEGame/Game/Content/AdvancedVillagePack/Meshes/SM_Flower_Var02.uasset" 1388
"C:/Users/Mehdi/Documents/GitHub/UEGame/Game/Content/AdvancedVillagePack/Meshes/SM_Flower_Var02.uexp" 1389
"C:/Users/Mehdi/Documents/GitHub/UEGame/Game/Content/AdvancedVillagePack/Meshes/SM_Fish.uasset" 1390
"C:/Users/Mehdi/Documents/GitHub/UEGame/Game/Content/AdvancedVillagePack/Meshes/SM_Fish.uexp" 1391
"C:/Users/Mehdi/Documents/GitHub/UEGame/Game/Content/ProceduralNaturePack/MapJungle.uexp" 1392
"C:/Users/Mehdi/Documents/GitHub/UEGame/Game/Content/ProceduralNaturePack/MapJungle.ubulk" 1393
"C:/Users/Mehdi/Documents/GitHub/UEGame/Game/Content/ProceduralNaturePack/MapJungle.umap" 1394
"../../../Engine/Content/Maps/Entry_BuiltData.uasset" 1395
"../../../Engine/Content/Maps/Entry_BuiltData.uexp" 1396
"../../../Engine/Content/Maps/Entry.uexp" 1397
"../../../Engine/Content/Maps/Entry.umap" 1398
"../../../Engine/Content/EngineSky/T_Sky_Stars.ubulk" 1399
"../../../Engine/Content/EngineSky/T_Sky_Stars.uasset" 1400
"../../../Engine/Content/EngineSky/T_Sky_Stars.uexp" 1401
"../../../Engine/Content/EngineSky/T_Sky_Clouds_M.ubulk" 1402
"../../../Engine/Content/EngineSky/T_Sky_Clouds_M.uasset" 1403
"../../../Engine/Content/EngineSky/T_Sky_Clouds_M.uexp" 1404
"../../../Engine/Content/EngineSky/T_Sky_Blue.ubulk" 1405
"../../../Engine/Content/EngineSky/T_Sky_Blue.uasset" 1406
"../../../Engine/Content/EngineSky/T_Sky_Blue.uexp" 1407
"../../../Engine/Content/EngineSky/M_Sky_Panning_Clouds2.uasset" 1408
"../../../Engine/Content/EngineSky/M_Sky_Panning_Clouds2.uexp" 1409
"../../../Engine/Content/EngineSky/SM_SkySphere.uasset" 1410
"../../../Engine/Content/EngineSky/SM_SkySphere.uexp" 1411
"../../../Engine/Content/EngineSky/C_Sky_Zenith_Color.uasset" 1412
"../../../Engine/Content/EngineSky/C_Sky_Zenith_Color.uexp" 1413
"../../../Engine/Content/EngineSky/C_Sky_Horizon_Color.uasset" 1414
"../../../Engine/Content/EngineSky/C_Sky_Horizon_Color.uexp" 1415
"../../../Engine/Content/EngineSky/C_Sky_Cloud_Color.uasset" 1416
"../../../Engine/Content/EngineSky/C_Sky_Cloud_Color.uexp" 1417
"../../../Engine/Content/EngineSky/BP_Sky_Sphere.uasset" 1418
"../../../Engine/Content/EngineSky/BP_Sky_Sphere.uexp" 1419
"C:/Users/Mehdi/Documents/GitHub/UEGame/Game/Content/ThirdPersonBP/Maps/ThirdPersonExampleMap_BuiltData.ubulk" 1420
"C:/Users/Mehdi/Documents/GitHub/UEGame/Game/Content/ThirdPersonBP/Maps/ThirdPersonExampleMap_BuiltData.uasset" 1421
"C:/Users/Mehdi/Documents/GitHub/UEGame/Game/Content/ThirdPersonBP/Maps/ThirdPersonExampleMap_BuiltData.uexp" 1422
"C:/Users/Mehdi/Documents/GitHub/UEGame/Game/Content/ThirdPerson/Meshes/RampMaterial.uasset" 1423
"C:/Users/Mehdi/Documents/GitHub/UEGame/Game/Content/ThirdPerson/Meshes/RampMaterial.uexp" 1424
"C:/Users/Mehdi/Documents/GitHub/UEGame/Game/Content/ThirdPerson/Meshes/RightArm_StaticMesh.uasset" 1425
"C:/Users/Mehdi/Documents/GitHub/UEGame/Game/Content/ThirdPerson/Meshes/RightArm_StaticMesh.uexp" 1426
"C:/Users/Mehdi/Documents/GitHub/UEGame/Game/Content/ThirdPerson/Meshes/Ramp_StaticMesh.uasset" 1427
"C:/Users/Mehdi/Documents/GitHub/UEGame/Game/Content/ThirdPerson/Meshes/Ramp_StaticMesh.uexp" 1428
"C:/Users/Mehdi/Documents/GitHub/UEGame/Game/Content/ThirdPerson/Meshes/Linear_Stair_StaticMesh.uasset" 1429
"C:/Users/Mehdi/Documents/GitHub/UEGame/Game/Content/ThirdPerson/Meshes/Linear_Stair_StaticMesh.uexp" 1430
"C:/Users/Mehdi/Documents/GitHub/UEGame/Game/Content/ThirdPerson/Meshes/LeftArm_StaticMesh.uasset" 1431
"C:/Users/Mehdi/Documents/GitHub/UEGame/Game/Content/ThirdPerson/Meshes/LeftArm_StaticMesh.uexp" 1432
"C:/Users/Mehdi/Documents/GitHub/UEGame/Game/Content/ThirdPerson/Meshes/Bump_StaticMesh.uasset" 1433
"C:/Users/Mehdi/Documents/GitHub/UEGame/Game/Content/ThirdPerson/Meshes/Bump_StaticMesh.uexp" 1434
"C:/Users/Mehdi/Documents/GitHub/UEGame/Game/Content/Geometry/Meshes/CubeMaterial.uasset" 1435
"C:/Users/Mehdi/Documents/GitHub/UEGame/Game/Content/Geometry/Meshes/CubeMaterial.uexp" 1436
"C:/Users/Mehdi/Documents/GitHub/UEGame/Game/Content/Geometry/Meshes/TemplateFloor.uasset" 1437
"C:/Users/Mehdi/Documents/GitHub/UEGame/Game/Content/Geometry/Meshes/TemplateFloor.uexp" 1438
"C:/Users/Mehdi/Documents/GitHub/UEGame/Game/Content/Geometry/Meshes/1M_Cube_Chamfer.uasset" 1439
"C:/Users/Mehdi/Documents/GitHub/UEGame/Game/Content/Geometry/Meshes/1M_Cube_Chamfer.uexp" 1440
"C:/Users/Mehdi/Documents/GitHub/UEGame/Game/Content/Geometry/Meshes/1M_Cube.uasset" 1441
"C:/Users/Mehdi/Documents/GitHub/UEGame/Game/Content/Geometry/Meshes/1M_Cube.uexp" 1442
"C:/Users/Mehdi/Documents/GitHub/UEGame/Game/Content/ThirdPersonBP/MenuAsset/Bouton_start.uasset" 1443
"C:/Users/Mehdi/Documents/GitHub/UEGame/Game/Content/ThirdPersonBP/MenuAsset/Bouton_start.uexp" 1444
"C:/Users/Mehdi/Documents/GitHub/UEGame/Game/Content/ThirdPersonBP/MenuAsset/Bouton_quit.uasset" 1445
"C:/Users/Mehdi/Documents/GitHub/UEGame/Game/Content/ThirdPersonBP/MenuAsset/Bouton_quit.uexp" 1446
"C:/Users/Mehdi/Documents/GitHub/UEGame/Game/Content/ThirdPersonBP/MenuAsset/Bouton_credits.uasset" 1447
"C:/Users/Mehdi/Documents/GitHub/UEGame/Game/Content/ThirdPersonBP/MenuAsset/Bouton_credits.uexp" 1448
"C:/Users/Mehdi/Documents/GitHub/UEGame/Game/Content/ThirdPersonBP/MenuAsset/background.uasset" 1449
"C:/Users/Mehdi/Documents/GitHub/UEGame/Game/Content/ThirdPersonBP/MenuAsset/background.uexp" 1450
"C:/Users/Mehdi/Documents/GitHub/UEGame/Game/Content/ThirdPersonBP/Blueprints/MainMenuWidget.uasset" 1451
"C:/Users/Mehdi/Documents/GitHub/UEGame/Game/Content/ThirdPersonBP/Blueprints/MainMenuWidget.uexp" 1452
"C:/Users/Mehdi/Documents/GitHub/UEGame/Game/Content/Mannequin/Animations/ThirdPerson_Jump.uasset" 1453
"C:/Users/Mehdi/Documents/GitHub/UEGame/Game/Content/Mannequin/Animations/ThirdPerson_Jump.uexp" 1454
"C:/Users/Mehdi/Documents/GitHub/UEGame/Game/Content/Mannequin/Animations/ThirdPersonWalk.uasset" 1455
"C:/Users/Mehdi/Documents/GitHub/UEGame/Game/Content/Mannequin/Animations/ThirdPersonWalk.uexp" 1456
"C:/Users/Mehdi/Documents/GitHub/UEGame/Game/Content/Mannequin/Animations/ThirdPersonRun.uasset" 1457
"C:/Users/Mehdi/Documents/GitHub/UEGame/Game/Content/Mannequin/Animations/ThirdPersonRun.uexp" 1458
"C:/Users/Mehdi/Documents/GitHub/UEGame/Game/Content/Mannequin/Animations/ThirdPerson_IdleRun_2D.uasset" 1459
"C:/Users/Mehdi/Documents/GitHub/UEGame/Game/Content/Mannequin/Animations/ThirdPerson_IdleRun_2D.uexp" 1460
"C:/Users/Mehdi/Documents/GitHub/UEGame/Game/Content/Mannequin/Animations/ThirdPersonJump_Start.uasset" 1461
"C:/Users/Mehdi/Documents/GitHub/UEGame/Game/Content/Mannequin/Animations/ThirdPersonJump_Start.uexp" 1462
"C:/Users/Mehdi/Documents/GitHub/UEGame/Game/Content/Mannequin/Animations/ThirdPersonJump_Loop.uasset" 1463
"C:/Users/Mehdi/Documents/GitHub/UEGame/Game/Content/Mannequin/Animations/ThirdPersonJump_Loop.uexp" 1464
"C:/Users/Mehdi/Documents/GitHub/UEGame/Game/Content/Mannequin/Animations/ThirdPerson_AnimBP.uasset" 1465
"C:/Users/Mehdi/Documents/GitHub/UEGame/Game/Content/Mannequin/Animations/ThirdPerson_AnimBP.uexp" 1466
"C:/Users/Mehdi/Documents/GitHub/UEGame/Game/Content/ThirdPersonBP/Blueprints/ThirdPersonCharacter.uasset" 1467
"C:/Users/Mehdi/Documents/GitHub/UEGame/Game/Content/ThirdPersonBP/Blueprints/ThirdPersonCharacter.uexp" 1468
"C:/Users/Mehdi/Documents/GitHub/UEGame/Game/Content/ThirdPersonBP/Blueprints/MainMenuHUD.uasset" 1469
"C:/Users/Mehdi/Documents/GitHub/UEGame/Game/Content/ThirdPersonBP/Blueprints/MainMenuHUD.uexp" 1470
"C:/Users/Mehdi/Documents/GitHub/UEGame/Game/Content/ThirdPersonBP/Blueprints/ThirdPersonMenuMode.uasset" 1471
"C:/Users/Mehdi/Documents/GitHub/UEGame/Game/Content/ThirdPersonBP/Blueprints/ThirdPersonMenuMode.uexp" 1472
"C:/Users/Mehdi/Documents/GitHub/UEGame/Game/Content/ThirdPersonBP/Maps/ThirdPersonExampleMap.uexp" 1473
"C:/Users/Mehdi/Documents/GitHub/UEGame/Game/Content/ThirdPersonBP/Maps/ThirdPersonExampleMap.umap" 1474
"C:/Users/Mehdi/Documents/GitHub/UEGame/Game/Content/Cinematique/cinematique1.uasset" 1475
"C:/Users/Mehdi/Documents/GitHub/UEGame/Game/Content/Cinematique/cinematique1.uexp" 1476
"C:/Users/Mehdi/Documents/GitHub/UEGame/Game/Content/AdvancedVillagePack/Textures/FishingRod.uasset" 1477
"C:/Users/Mehdi/Documents/GitHub/UEGame/Game/Content/AdvancedVillagePack/Textures/FishingRod.uexp" 1478
"C:/Users/Mehdi/Documents/GitHub/UEGame/Game/Content/AdvancedVillagePack/Meshes/CanneAPeche/FishingRodMat.uasset" 1479
"C:/Users/Mehdi/Documents/GitHub/UEGame/Game/Content/AdvancedVillagePack/Meshes/CanneAPeche/FishingRodMat.uexp" 1480
"C:/Users/Mehdi/Documents/GitHub/UEGame/Game/Content/AdvancedVillagePack/Meshes/CanneAPeche/FishingRod.uasset" 1481
"C:/Users/Mehdi/Documents/GitHub/UEGame/Game/Content/AdvancedVillagePack/Meshes/CanneAPeche/FishingRod.uexp" 1482
"C:/Users/Mehdi/Documents/GitHub/UEGame/Game/Content/QuestObjects/fishingRod.uasset" 1483
"C:/Users/Mehdi/Documents/GitHub/UEGame/Game/Content/QuestObjects/fishingRod.uexp" 1484
"C:/Users/Mehdi/Documents/GitHub/UEGame/Game/Content/AdvancedVillagePack/Materials/M_Inst_Pack_01.uasset" 1485
"C:/Users/Mehdi/Documents/GitHub/UEGame/Game/Content/AdvancedVillagePack/Materials/M_Inst_Pack_01.uexp" 1486
"C:/Users/Mehdi/Documents/GitHub/UEGame/Game/Content/AdvancedVillagePack/Meshes/SM_Wheel.uasset" 1487
"C:/Users/Mehdi/Documents/GitHub/UEGame/Game/Content/AdvancedVillagePack/Meshes/SM_Wheel.uexp" 1488
"C:/Users/Mehdi/Documents/GitHub/UEGame/Game/Content/AdvancedVillagePack/Textures/T_Pack_03_RM.ubulk" 1489
"C:/Users/Mehdi/Documents/GitHub/UEGame/Game/Content/AdvancedVillagePack/Textures/T_Pack_03_RM.uasset" 1490
"C:/Users/Mehdi/Documents/GitHub/UEGame/Game/Content/AdvancedVillagePack/Textures/T_Pack_03_RM.uexp" 1491
"C:/Users/Mehdi/Documents/GitHub/UEGame/Game/Content/AdvancedVillagePack/Textures/T_Pack_03_N.ubulk" 1492
"C:/Users/Mehdi/Documents/GitHub/UEGame/Game/Content/AdvancedVillagePack/Textures/T_Pack_03_N.uasset" 1493
"C:/Users/Mehdi/Documents/GitHub/UEGame/Game/Content/AdvancedVillagePack/Textures/T_Pack_03_N.uexp" 1494
"C:/Users/Mehdi/Documents/GitHub/UEGame/Game/Content/AdvancedVillagePack/Textures/T_Pack_03_D.ubulk" 1495
"C:/Users/Mehdi/Documents/GitHub/UEGame/Game/Content/AdvancedVillagePack/Textures/T_Pack_03_D.uasset" 1496
"C:/Users/Mehdi/Documents/GitHub/UEGame/Game/Content/AdvancedVillagePack/Textures/T_Pack_03_D.uexp" 1497
"C:/Users/Mehdi/Documents/GitHub/UEGame/Game/Content/AdvancedVillagePack/Materials/M_Inst_Pack_03.uasset" 1498
"C:/Users/Mehdi/Documents/GitHub/UEGame/Game/Content/AdvancedVillagePack/Materials/M_Inst_Pack_03.uexp" 1499
"C:/Users/Mehdi/Documents/GitHub/UEGame/Game/Content/AdvancedVillagePack/Meshes/SM_Watermellon.uasset" 1500
"C:/Users/Mehdi/Documents/GitHub/UEGame/Game/Content/AdvancedVillagePack/Meshes/SM_Watermellon.uexp" 1501
"C:/Users/Mehdi/Documents/GitHub/UEGame/Game/Content/AdvancedVillagePack/Textures/T_Pack_TreeLeafs_RM.ubulk" 1502
"C:/Users/Mehdi/Documents/GitHub/UEGame/Game/Content/AdvancedVillagePack/Textures/T_Pack_TreeLeafs_RM.uasset" 1503
"C:/Users/Mehdi/Documents/GitHub/UEGame/Game/Content/AdvancedVillagePack/Textures/T_Pack_TreeLeafs_RM.uexp" 1504
"C:/Users/Mehdi/Documents/GitHub/UEGame/Game/Content/AdvancedVillagePack/Textures/T_Pack_TreeLeafs_O.ubulk" 1505
"C:/Users/Mehdi/Documents/GitHub/UEGame/Game/Content/AdvancedVillagePack/Textures/T_Pack_TreeLeafs_O.uasset" 1506
"C:/Users/Mehdi/Documents/GitHub/UEGame/Game/Content/AdvancedVillagePack/Textures/T_Pack_TreeLeafs_O.uexp" 1507
"C:/Users/Mehdi/Documents/GitHub/UEGame/Game/Content/AdvancedVillagePack/Textures/T_Pack_TreeLeafs_N.ubulk" 1508
"C:/Users/Mehdi/Documents/GitHub/UEGame/Game/Content/AdvancedVillagePack/Textures/T_Pack_TreeLeafs_N.uasset" 1509
"C:/Users/Mehdi/Documents/GitHub/UEGame/Game/Content/AdvancedVillagePack/Textures/T_Pack_TreeLeafs_N.uexp" 1510
"C:/Users/Mehdi/Documents/GitHub/UEGame/Game/Content/AdvancedVillagePack/Textures/T_Pack_TreeLeafs_D.ubulk" 1511
"C:/Users/Mehdi/Documents/GitHub/UEGame/Game/Content/AdvancedVillagePack/Textures/T_Pack_TreeLeafs_D.uasset" 1512
"C:/Users/Mehdi/Documents/GitHub/UEGame/Game/Content/AdvancedVillagePack/Textures/T_Pack_TreeLeafs_D.uexp" 1513
"C:/Users/Mehdi/Documents/GitHub/UEGame/Game/Content/AdvancedVillagePack/Textures/T_Pack_TreeLeafs_Mask.ubulk" 1514
"C:/Users/Mehdi/Documents/GitHub/UEGame/Game/Content/AdvancedVillagePack/Textures/T_Pack_TreeLeafs_Mask.uasset" 1515
"C:/Users/Mehdi/Documents/GitHub/UEGame/Game/Content/AdvancedVillagePack/Textures/T_Pack_TreeLeafs_Mask.uexp" 1516
"C:/Users/Mehdi/Documents/GitHub/UEGame/Game/Content/AdvancedVillagePack/Materials/M_Uber_Cutout_Wind.uasset" 1517
"C:/Users/Mehdi/Documents/GitHub/UEGame/Game/Content/AdvancedVillagePack/Materials/M_Uber_Cutout_Wind.uexp" 1518
"C:/Users/Mehdi/Documents/GitHub/UEGame/Game/Content/AdvancedVillagePack/Materials/M_Inst_TreeLeafs.uasset" 1519
"C:/Users/Mehdi/Documents/GitHub/UEGame/Game/Content/AdvancedVillagePack/Materials/M_Inst_TreeLeafs.uexp" 1520
"C:/Users/Mehdi/Documents/GitHub/UEGame/Game/Content/AdvancedVillagePack/Textures/T_Pack_TreeTrunks_RM.ubulk" 1521
"C:/Users/Mehdi/Documents/GitHub/UEGame/Game/Content/AdvancedVillagePack/Textures/T_Pack_TreeTrunks_RM.uasset" 1522
"C:/Users/Mehdi/Documents/GitHub/UEGame/Game/Content/AdvancedVillagePack/Textures/T_Pack_TreeTrunks_RM.uexp" 1523
"C:/Users/Mehdi/Documents/GitHub/UEGame/Game/Content/AdvancedVillagePack/Textures/T_Pack_TreeTrunks_N.ubulk" 1524
"C:/Users/Mehdi/Documents/GitHub/UEGame/Game/Content/AdvancedVillagePack/Textures/T_Pack_TreeTrunks_N.uasset" 1525
"C:/Users/Mehdi/Documents/GitHub/UEGame/Game/Content/AdvancedVillagePack/Textures/T_Pack_TreeTrunks_N.uexp" 1526
"C:/Users/Mehdi/Documents/GitHub/UEGame/Game/Content/AdvancedVillagePack/Textures/T_Pack_TreeTrunks_D.ubulk" 1527
"C:/Users/Mehdi/Documents/GitHub/UEGame/Game/Content/AdvancedVillagePack/Textures/T_Pack_TreeTrunks_D.uasset" 1528
"C:/Users/Mehdi/Documents/GitHub/UEGame/Game/Content/AdvancedVillagePack/Textures/T_Pack_TreeTrunks_D.uexp" 1529
"C:/Users/Mehdi/Documents/GitHub/UEGame/Game/Content/AdvancedVillagePack/Materials/M_Inst_TreeTrunks.uasset" 1530
"C:/Users/Mehdi/Documents/GitHub/UEGame/Game/Content/AdvancedVillagePack/Materials/M_Inst_TreeTrunks.uexp" 1531
"C:/Users/Mehdi/Documents/GitHub/UEGame/Game/Content/AdvancedVillagePack/Meshes/SM_Tree_Var05.uasset" 1532
"C:/Users/Mehdi/Documents/GitHub/UEGame/Game/Content/AdvancedVillagePack/Meshes/SM_Tree_Var05.uexp" 1533
"C:/Users/Mehdi/Documents/GitHub/UEGame/Game/Content/AdvancedVillagePack/Meshes/SM_Tree_Var04.uasset" 1534
"C:/Users/Mehdi/Documents/GitHub/UEGame/Game/Content/AdvancedVillagePack/Meshes/SM_Tree_Var04.uexp" 1535
"C:/Users/Mehdi/Documents/GitHub/UEGame/Game/Content/AdvancedVillagePack/Meshes/SM_Tree_Var03.uasset" 1536
"C:/Users/Mehdi/Documents/GitHub/UEGame/Game/Content/AdvancedVillagePack/Meshes/SM_Tree_Var03.uexp" 1537
"C:/Users/Mehdi/Documents/GitHub/UEGame/Game/Content/AdvancedVillagePack/Meshes/SM_Tree_Var02.uasset" 1538
"C:/Users/Mehdi/Documents/GitHub/UEGame/Game/Content/AdvancedVillagePack/Meshes/SM_Tree_Var02.uexp" 1539
"C:/Users/Mehdi/Documents/GitHub/UEGame/Game/Content/AdvancedVillagePack/Materials/M_Inst_Pack_06.uasset" 1540
"C:/Users/Mehdi/Documents/GitHub/UEGame/Game/Content/AdvancedVillagePack/Materials/M_Inst_Pack_06.uexp" 1541
"C:/Users/Mehdi/Documents/GitHub/UEGame/Game/Content/AdvancedVillagePack/Meshes/SM_Treestump_Var02.uasset" 1542
"C:/Users/Mehdi/Documents/GitHub/UEGame/Game/Content/AdvancedVillagePack/Meshes/SM_Treestump_Var02.uexp" 1543
"C:/Users/Mehdi/Documents/GitHub/UEGame/Game/Content/AdvancedVillagePack/Meshes/SM_Treestump_Var01.uasset" 1544
"C:/Users/Mehdi/Documents/GitHub/UEGame/Game/Content/AdvancedVillagePack/Meshes/SM_Treestump_Var01.uexp" 1545
"C:/Users/Mehdi/Documents/GitHub/UEGame/Game/Content/AdvancedVillagePack/Meshes/SM_Torch_Var02.uasset" 1546
"C:/Users/Mehdi/Documents/GitHub/UEGame/Game/Content/AdvancedVillagePack/Meshes/SM_Torch_Var02.uexp" 1547
"C:/Users/Mehdi/Documents/GitHub/UEGame/Game/Content/AdvancedVillagePack/Meshes/SM_Tomato.uasset" 1548
"C:/Users/Mehdi/Documents/GitHub/UEGame/Game/Content/AdvancedVillagePack/Meshes/SM_Tomato.uexp" 1549
"C:/Users/Mehdi/Documents/GitHub/UEGame/Game/Content/AdvancedVillagePack/Materials/M_Inst_Pack_03_LightsOn.uasset" 1550
"C:/Users/Mehdi/Documents/GitHub/UEGame/Game/Content/AdvancedVillagePack/Materials/M_Inst_Pack_03_LightsOn.uexp" 1551
"C:/Users/Mehdi/Documents/GitHub/UEGame/Game/Content/AdvancedVillagePack/Meshes/SM_StreetLight_LightsOn.uasset" 1552
"C:/Users/Mehdi/Documents/GitHub/UEGame/Game/Content/AdvancedVillagePack/Meshes/SM_StreetLight_LightsOn.uexp" 1553
"C:/Users/Mehdi/Documents/GitHub/UEGame/Game/Content/AdvancedVillagePack/Textures/T_Pack_08_RM.ubulk" 1554
"C:/Users/Mehdi/Documents/GitHub/UEGame/Game/Content/AdvancedVillagePack/Textures/T_Pack_08_RM.uasset" 1555
"C:/Users/Mehdi/Documents/GitHub/UEGame/Game/Content/AdvancedVillagePack/Textures/T_Pack_08_RM.uexp" 1556
"C:/Users/Mehdi/Documents/GitHub/UEGame/Game/Content/AdvancedVillagePack/Textures/T_Pack_08_N.ubulk" 1557
"C:/Users/Mehdi/Documents/GitHub/UEGame/Game/Content/AdvancedVillagePack/Textures/T_Pack_08_N.uasset" 1558
"C:/Users/Mehdi/Documents/GitHub/UEGame/Game/Content/AdvancedVillagePack/Textures/T_Pack_08_N.uexp" 1559
"C:/Users/Mehdi/Documents/GitHub/UEGame/Game/Content/AdvancedVillagePack/Textures/T_Pack_08_D.ubulk" 1560
"C:/Users/Mehdi/Documents/GitHub/UEGame/Game/Content/AdvancedVillagePack/Textures/T_Pack_08_D.uasset" 1561
"C:/Users/Mehdi/Documents/GitHub/UEGame/Game/Content/AdvancedVillagePack/Textures/T_Pack_08_D.uexp" 1562
"C:/Users/Mehdi/Documents/GitHub/UEGame/Game/Content/AdvancedVillagePack/Materials/M_Inst_Pack_08.uasset" 1563
"C:/Users/Mehdi/Documents/GitHub/UEGame/Game/Content/AdvancedVillagePack/Materials/M_Inst_Pack_08.uexp" 1564
"C:/Users/Mehdi/Documents/GitHub/UEGame/Game/Content/AdvancedVillagePack/Meshes/SM_Stone_Small_Var05.uasset" 1565
"C:/Users/Mehdi/Documents/GitHub/UEGame/Game/Content/AdvancedVillagePack/Meshes/SM_Stone_Small_Var05.uexp" 1566
"C:/Users/Mehdi/Documents/GitHub/UEGame/Game/Content/AdvancedVillagePack/Meshes/SM_Stone_Small_Var04.uasset" 1567
"C:/Users/Mehdi/Documents/GitHub/UEGame/Game/Content/AdvancedVillagePack/Meshes/SM_Stone_Small_Var04.uexp" 1568
"C:/Users/Mehdi/Documents/GitHub/UEGame/Game/Content/AdvancedVillagePack/Meshes/SM_Stone_Small_Var03.uasset" 1569
"C:/Users/Mehdi/Documents/GitHub/UEGame/Game/Content/AdvancedVillagePack/Meshes/SM_Stone_Small_Var03.uexp" 1570
"C:/Users/Mehdi/Documents/GitHub/UEGame/Game/Content/AdvancedVillagePack/Meshes/SM_Stone_Small_Var02.uasset" 1571
"C:/Users/Mehdi/Documents/GitHub/UEGame/Game/Content/AdvancedVillagePack/Meshes/SM_Stone_Small_Var02.uexp" 1572
"C:/Users/Mehdi/Documents/GitHub/UEGame/Game/Content/AdvancedVillagePack/Meshes/SM_Stone_Small_Var01.uasset" 1573
"C:/Users/Mehdi/Documents/GitHub/UEGame/Game/Content/AdvancedVillagePack/Meshes/SM_Stone_Small_Var01.uexp" 1574
"C:/Users/Mehdi/Documents/GitHub/UEGame/Game/Content/AdvancedVillagePack/Meshes/SM_Stone_Medium_Var05.uasset" 1575
"C:/Users/Mehdi/Documents/GitHub/UEGame/Game/Content/AdvancedVillagePack/Meshes/SM_Stone_Medium_Var05.uexp" 1576
"C:/Users/Mehdi/Documents/GitHub/UEGame/Game/Content/AdvancedVillagePack/Meshes/SM_Stone_Medium_Var04.uasset" 1577
"C:/Users/Mehdi/Documents/GitHub/UEGame/Game/Content/AdvancedVillagePack/Meshes/SM_Stone_Medium_Var04.uexp" 1578
"C:/Users/Mehdi/Documents/GitHub/UEGame/Game/Content/AdvancedVillagePack/Meshes/SM_Stone_Medium_Var03.uasset" 1579
"C:/Users/Mehdi/Documents/GitHub/UEGame/Game/Content/AdvancedVillagePack/Meshes/SM_Stone_Medium_Var03.uexp" 1580
"C:/Users/Mehdi/Documents/GitHub/UEGame/Game/Content/AdvancedVillagePack/Meshes/SM_Stone_Medium_Var02.uasset" 1581
"C:/Users/Mehdi/Documents/GitHub/UEGame/Game/Content/AdvancedVillagePack/Meshes/SM_Stone_Medium_Var02.uexp" 1582
"C:/Users/Mehdi/Documents/GitHub/UEGame/Game/Content/AdvancedVillagePack/Meshes/SM_Stone_Medium_Var01.uasset" 1583
"C:/Users/Mehdi/Documents/GitHub/UEGame/Game/Content/AdvancedVillagePack/Meshes/SM_Stone_Medium_Var01.uexp" 1584
"C:/Users/Mehdi/Documents/GitHub/UEGame/Game/Content/AdvancedVillagePack/Meshes/SM_Stone_Big_Var05.uasset" 1585
"C:/Users/Mehdi/Documents/GitHub/UEGame/Game/Content/AdvancedVillagePack/Meshes/SM_Stone_Big_Var05.uexp" 1586
"C:/Users/Mehdi/Documents/GitHub/UEGame/Game/Content/AdvancedVillagePack/Meshes/SM_Stone_Big_Var04.uasset" 1587
"C:/Users/Mehdi/Documents/GitHub/UEGame/Game/Content/AdvancedVillagePack/Meshes/SM_Stone_Big_Var04.uexp" 1588
"C:/Users/Mehdi/Documents/GitHub/UEGame/Game/Content/AdvancedVillagePack/Meshes/SM_Stone_Big_Var03.uasset" 1589
"C:/Users/Mehdi/Documents/GitHub/UEGame/Game/Content/AdvancedVillagePack/Meshes/SM_Stone_Big_Var03.uexp" 1590
"C:/Users/Mehdi/Documents/GitHub/UEGame/Game/Content/AdvancedVillagePack/Meshes/SM_Stone_Big_Var02.uasset" 1591
"C:/Users/Mehdi/Documents/GitHub/UEGame/Game/Content/AdvancedVillagePack/Meshes/SM_Stone_Big_Var02.uexp" 1592
"C:/Users/Mehdi/Documents/GitHub/UEGame/Game/Content/AdvancedVillagePack/Meshes/SM_Stone_Big_Var01.uasset" 1593
"C:/Users/Mehdi/Documents/GitHub/UEGame/Game/Content/AdvancedVillagePack/Meshes/SM_Stone_Big_Var01.uexp" 1594
"C:/Users/Mehdi/Documents/GitHub/UEGame/Game/Content/AdvancedVillagePack/Meshes/SM_Stonepath_Var03.uasset" 1595
"C:/Users/Mehdi/Documents/GitHub/UEGame/Game/Content/AdvancedVillagePack/Meshes/SM_Stonepath_Var03.uexp" 1596
"C:/Users/Mehdi/Documents/GitHub/UEGame/Game/Content/AdvancedVillagePack/Meshes/SM_Stonepath_Var02.uasset" 1597
"C:/Users/Mehdi/Documents/GitHub/UEGame/Game/Content/AdvancedVillagePack/Meshes/SM_Stonepath_Var02.uexp" 1598
"C:/Users/Mehdi/Documents/GitHub/UEGame/Game/Content/AdvancedVillagePack/Meshes/SM_Stonepath_Var01.uasset" 1599
"C:/Users/Mehdi/Documents/GitHub/UEGame/Game/Content/AdvancedVillagePack/Meshes/SM_Stonepath_Var01.uexp" 1600
"C:/Users/Mehdi/Documents/GitHub/UEGame/Game/Content/AdvancedVillagePack/Meshes/SM_StoneFlat_Var05.uasset" 1601
"C:/Users/Mehdi/Documents/GitHub/UEGame/Game/Content/AdvancedVillagePack/Meshes/SM_StoneFlat_Var05.uexp" 1602
"C:/Users/Mehdi/Documents/GitHub/UEGame/Game/Content/AdvancedVillagePack/Meshes/SM_StoneFlat_Var04.uasset" 1603
"C:/Users/Mehdi/Documents/GitHub/UEGame/Game/Content/AdvancedVillagePack/Meshes/SM_StoneFlat_Var04.uexp" 1604
"C:/Users/Mehdi/Documents/GitHub/UEGame/Game/Content/AdvancedVillagePack/Meshes/SM_StoneFlat_Var03.uasset" 1605
"C:/Users/Mehdi/Documents/GitHub/UEGame/Game/Content/AdvancedVillagePack/Meshes/SM_StoneFlat_Var03.uexp" 1606
"C:/Users/Mehdi/Documents/GitHub/UEGame/Game/Content/AdvancedVillagePack/Meshes/SM_StoneFlat_Var02.uasset" 1607
"C:/Users/Mehdi/Documents/GitHub/UEGame/Game/Content/AdvancedVillagePack/Meshes/SM_StoneFlat_Var02.uexp" 1608
"C:/Users/Mehdi/Documents/GitHub/UEGame/Game/Content/AdvancedVillagePack/Meshes/SM_StoneFlat_Var01.uasset" 1609
"C:/Users/Mehdi/Documents/GitHub/UEGame/Game/Content/AdvancedVillagePack/Meshes/SM_StoneFlat_Var01.uexp" 1610
"C:/Users/Mehdi/Documents/GitHub/UEGame/Game/Content/AdvancedVillagePack/Meshes/SM_Sack_Var02.uasset" 1611
"C:/Users/Mehdi/Documents/GitHub/UEGame/Game/Content/AdvancedVillagePack/Meshes/SM_Sack_Var02.uexp" 1612
"C:/Users/Mehdi/Documents/GitHub/UEGame/Game/Content/AdvancedVillagePack/Meshes/SM_Sack_Var01.uasset" 1613
"C:/Users/Mehdi/Documents/GitHub/UEGame/Game/Content/AdvancedVillagePack/Meshes/SM_Sack_Var01.uexp" 1614
"C:/Users/Mehdi/Documents/GitHub/UEGame/Game/Content/AdvancedVillagePack/Meshes/SM_Sack_Potato.uasset" 1615
"C:/Users/Mehdi/Documents/GitHub/UEGame/Game/Content/AdvancedVillagePack/Meshes/SM_Sack_Potato.uexp" 1616
"C:/Users/Mehdi/Documents/GitHub/UEGame/Game/Content/AdvancedVillagePack/Meshes/SM_Sack_Flour.uasset" 1617
"C:/Users/Mehdi/Documents/GitHub/UEGame/Game/Content/AdvancedVillagePack/Meshes/SM_Sack_Flour.uexp" 1618
"C:/Users/Mehdi/Documents/GitHub/UEGame/Game/Content/AdvancedVillagePack/Meshes/SM_SackWithTomatoes.uasset" 1619
"C:/Users/Mehdi/Documents/GitHub/UEGame/Game/Content/AdvancedVillagePack/Meshes/SM_SackWithTomatoes.uexp" 1620
"C:/Users/Mehdi/Documents/GitHub/UEGame/Game/Content/AdvancedVillagePack/Meshes/SM_SackWithPotatoes.uasset" 1621
"C:/Users/Mehdi/Documents/GitHub/UEGame/Game/Content/AdvancedVillagePack/Meshes/SM_SackWithPotatoes.uexp" 1622
"C:/Users/Mehdi/Documents/GitHub/UEGame/Game/Content/AdvancedVillagePack/Meshes/SM_SackWithApples.uasset" 1623
"C:/Users/Mehdi/Documents/GitHub/UEGame/Game/Content/AdvancedVillagePack/Meshes/SM_SackWithApples.uexp" 1624
"C:/Users/Mehdi/Documents/GitHub/UEGame/Game/Content/AdvancedVillagePack/Meshes/SM_Pumpkin_Var03.uasset" 1625
"C:/Users/Mehdi/Documents/GitHub/UEGame/Game/Content/AdvancedVillagePack/Meshes/SM_Pumpkin_Var03.uexp" 1626
"C:/Users/Mehdi/Documents/GitHub/UEGame/Game/Content/AdvancedVillagePack/Meshes/SM_Pumpkin_Var02.uasset" 1627
"C:/Users/Mehdi/Documents/GitHub/UEGame/Game/Content/AdvancedVillagePack/Meshes/SM_Pumpkin_Var02.uexp" 1628
"C:/Users/Mehdi/Documents/GitHub/UEGame/Game/Content/AdvancedVillagePack/Meshes/SM_Pumpkin_Var01.uasset" 1629
"C:/Users/Mehdi/Documents/GitHub/UEGame/Game/Content/AdvancedVillagePack/Meshes/SM_Pumpkin_Var01.uexp" 1630
"C:/Users/Mehdi/Documents/GitHub/UEGame/Game/Content/AdvancedVillagePack/Meshes/SM_Pot_Var06.uasset" 1631
"C:/Users/Mehdi/Documents/GitHub/UEGame/Game/Content/AdvancedVillagePack/Meshes/SM_Pot_Var06.uexp" 1632
"C:/Users/Mehdi/Documents/GitHub/UEGame/Game/Content/AdvancedVillagePack/Meshes/SM_Pot_Var05.uasset" 1633
"C:/Users/Mehdi/Documents/GitHub/UEGame/Game/Content/AdvancedVillagePack/Meshes/SM_Pot_Var05.uexp" 1634
"C:/Users/Mehdi/Documents/GitHub/UEGame/Game/Content/AdvancedVillagePack/Meshes/SM_Pot_Var04.uasset" 1635
"C:/Users/Mehdi/Documents/GitHub/UEGame/Game/Content/AdvancedVillagePack/Meshes/SM_Pot_Var04.uexp" 1636
"C:/Users/Mehdi/Documents/GitHub/UEGame/Game/Content/AdvancedVillagePack/Meshes/SM_Pot_Var03.uasset" 1637
"C:/Users/Mehdi/Documents/GitHub/UEGame/Game/Content/AdvancedVillagePack/Meshes/SM_Pot_Var03.uexp" 1638
"C:/Users/Mehdi/Documents/GitHub/UEGame/Game/Content/AdvancedVillagePack/Meshes/SM_Pot_Var02.uasset" 1639
"C:/Users/Mehdi/Documents/GitHub/UEGame/Game/Content/AdvancedVillagePack/Meshes/SM_Pot_Var02.uexp" 1640
"C:/Users/Mehdi/Documents/GitHub/UEGame/Game/Content/AdvancedVillagePack/Meshes/SM_Pot_Var01.uasset" 1641
"C:/Users/Mehdi/Documents/GitHub/UEGame/Game/Content/AdvancedVillagePack/Meshes/SM_Pot_Var01.uexp" 1642
"C:/Users/Mehdi/Documents/GitHub/UEGame/Game/Content/AdvancedVillagePack/Meshes/SM_Potato.uasset" 1643
"C:/Users/Mehdi/Documents/GitHub/UEGame/Game/Content/AdvancedVillagePack/Meshes/SM_Potato.uexp" 1644
"C:/Users/Mehdi/Documents/GitHub/UEGame/Game/Content/AdvancedVillagePack/Meshes/SM_Plant.uasset" 1645
"C:/Users/Mehdi/Documents/GitHub/UEGame/Game/Content/AdvancedVillagePack/Meshes/SM_Plant.uexp" 1646
"C:/Users/Mehdi/Documents/GitHub/UEGame/Game/Content/AdvancedVillagePack/Meshes/SM_Plane_1x1.uasset" 1647
"C:/Users/Mehdi/Documents/GitHub/UEGame/Game/Content/AdvancedVillagePack/Meshes/SM_Plane_1x1.uexp" 1648
"C:/Users/Mehdi/Documents/GitHub/UEGame/Game/Content/AdvancedVillagePack/Meshes/SM_Pitchfork.uasset" 1649
"C:/Users/Mehdi/Documents/GitHub/UEGame/Game/Content/AdvancedVillagePack/Meshes/SM_Pitchfork.uexp" 1650
"C:/Users/Mehdi/Documents/GitHub/UEGame/Game/Content/AdvancedVillagePack/Meshes/SM_Mushroom_Var06.uasset" 1651
"C:/Users/Mehdi/Documents/GitHub/UEGame/Game/Content/AdvancedVillagePack/Meshes/SM_Mushroom_Var06.uexp" 1652
"C:/Users/Mehdi/Documents/GitHub/UEGame/Game/Content/AdvancedVillagePack/Meshes/SM_Mushroom_Var04.uasset" 1653
"C:/Users/Mehdi/Documents/GitHub/UEGame/Game/Content/AdvancedVillagePack/Meshes/SM_Mushroom_Var04.uexp" 1654
"C:/Users/Mehdi/Documents/GitHub/UEGame/Game/Content/AdvancedVillagePack/Meshes/SM_Mushroom_Var03.uasset" 1655
"C:/Users/Mehdi/Documents/GitHub/UEGame/Game/Content/AdvancedVillagePack/Meshes/SM_Mushroom_Var03.uexp" 1656
"C:/Users/Mehdi/Documents/GitHub/UEGame/Game/Content/AdvancedVillagePack/Meshes/SM_Mushroom_Var02.uasset" 1657
"C:/Users/Mehdi/Documents/GitHub/UEGame/Game/Content/AdvancedVillagePack/Meshes/SM_Mushroom_Var02.uexp" 1658
"C:/Users/Mehdi/Documents/GitHub/UEGame/Game/Content/AdvancedVillagePack/Meshes/SM_Mushroom_Var01.uasset" 1659
"C:/Users/Mehdi/Documents/GitHub/UEGame/Game/Content/AdvancedVillagePack/Meshes/SM_Mushroom_Var01.uexp" 1660
"C:/Users/Mehdi/Documents/GitHub/UEGame/Game/Content/AdvancedVillagePack/Meshes/SM_Log_Var04.uasset" 1661
"C:/Users/Mehdi/Documents/GitHub/UEGame/Game/Content/AdvancedVillagePack/Meshes/SM_Log_Var04.uexp" 1662
"C:/Users/Mehdi/Documents/GitHub/UEGame/Game/Content/AdvancedVillagePack/Meshes/SM_Log_Var03.uasset" 1663
"C:/Users/Mehdi/Documents/GitHub/UEGame/Game/Content/AdvancedVillagePack/Meshes/SM_Log_Var03.uexp" 1664
"C:/Users/Mehdi/Documents/GitHub/UEGame/Game/Content/AdvancedVillagePack/Meshes/SM_Log_Var02.uasset" 1665
"C:/Users/Mehdi/Documents/GitHub/UEGame/Game/Content/AdvancedVillagePack/Meshes/SM_Log_Var02.uexp" 1666
"C:/Users/Mehdi/Documents/GitHub/UEGame/Game/Content/AdvancedVillagePack/Meshes/SM_Log_Var01.uasset" 1667
"C:/Users/Mehdi/Documents/GitHub/UEGame/Game/Content/AdvancedVillagePack/Meshes/SM_Log_Var01.uexp" 1668
"C:/Users/Mehdi/Documents/GitHub/UEGame/Game/Content/AdvancedVillagePack/Meshes/SM_Logs_Var02.uasset" 1669
"C:/Users/Mehdi/Documents/GitHub/UEGame/Game/Content/AdvancedVillagePack/Meshes/SM_Logs_Var02.uexp" 1670
"C:/Users/Mehdi/Documents/GitHub/UEGame/Game/Content/AdvancedVillagePack/Meshes/SM_Logs_Var01.uasset" 1671
"C:/Users/Mehdi/Documents/GitHub/UEGame/Game/Content/AdvancedVillagePack/Meshes/SM_Logs_Var01.uexp" 1672
"C:/Users/Mehdi/Documents/GitHub/UEGame/Game/Content/AdvancedVillagePack/Textures/T_Pack_07_RM.ubulk" 1673
"C:/Users/Mehdi/Documents/GitHub/UEGame/Game/Content/AdvancedVillagePack/Textures/T_Pack_07_RM.uasset" 1674
"C:/Users/Mehdi/Documents/GitHub/UEGame/Game/Content/AdvancedVillagePack/Textures/T_Pack_07_RM.uexp" 1675
"C:/Users/Mehdi/Documents/GitHub/UEGame/Game/Content/AdvancedVillagePack/Textures/T_Pack_07_N.ubulk" 1676
"C:/Users/Mehdi/Documents/GitHub/UEGame/Game/Content/AdvancedVillagePack/Textures/T_Pack_07_N.uasset" 1677
"C:/Users/Mehdi/Documents/GitHub/UEGame/Game/Content/AdvancedVillagePack/Textures/T_Pack_07_N.uexp" 1678
"C:/Users/Mehdi/Documents/GitHub/UEGame/Game/Content/AdvancedVillagePack/Textures/T_Pack_07_D.ubulk" 1679
"C:/Users/Mehdi/Documents/GitHub/UEGame/Game/Content/AdvancedVillagePack/Textures/T_Pack_07_D.uasset" 1680
"C:/Users/Mehdi/Documents/GitHub/UEGame/Game/Content/AdvancedVillagePack/Textures/T_Pack_07_D.uexp" 1681
"C:/Users/Mehdi/Documents/GitHub/UEGame/Game/Content/AdvancedVillagePack/Materials/M_Inst_Pack_07.uasset" 1682
"C:/Users/Mehdi/Documents/GitHub/UEGame/Game/Content/AdvancedVillagePack/Materials/M_Inst_Pack_07.uexp" 1683
"C:/Users/Mehdi/Documents/GitHub/UEGame/Game/Content/AdvancedVillagePack/Meshes/SM_Ladder.uasset" 1684
"C:/Users/Mehdi/Documents/GitHub/UEGame/Game/Content/AdvancedVillagePack/Meshes/SM_Ladder.uexp" 1685
"C:/Users/Mehdi/Documents/GitHub/UEGame/Game/Content/AdvancedVillagePack/Textures/T_Pack_09_RM.ubulk" 1686
"C:/Users/Mehdi/Documents/GitHub/UEGame/Game/Content/AdvancedVillagePack/Textures/T_Pack_09_RM.uasset" 1687
"C:/Users/Mehdi/Documents/GitHub/UEGame/Game/Content/AdvancedVillagePack/Textures/T_Pack_09_RM.uexp" 1688
"C:/Users/Mehdi/Documents/GitHub/UEGame/Game/Content/AdvancedVillagePack/Textures/T_Pack_09_N.ubulk" 1689
"C:/Users/Mehdi/Documents/GitHub/UEGame/Game/Content/AdvancedVillagePack/Textures/T_Pack_09_N.uasset" 1690
"C:/Users/Mehdi/Documents/GitHub/UEGame/Game/Content/AdvancedVillagePack/Textures/T_Pack_09_N.uexp" 1691
"C:/Users/Mehdi/Documents/GitHub/UEGame/Game/Content/AdvancedVillagePack/Textures/T_Pack_09_E.ubulk" 1692
"C:/Users/Mehdi/Documents/GitHub/UEGame/Game/Content/AdvancedVillagePack/Textures/T_Pack_09_E.uasset" 1693
"C:/Users/Mehdi/Documents/GitHub/UEGame/Game/Content/AdvancedVillagePack/Textures/T_Pack_09_E.uexp" 1694
"C:/Users/Mehdi/Documents/GitHub/UEGame/Game/Content/AdvancedVillagePack/Textures/T_Pack_09_D.ubulk" 1695
"C:/Users/Mehdi/Documents/GitHub/UEGame/Game/Content/AdvancedVillagePack/Textures/T_Pack_09_D.uasset" 1696
"C:/Users/Mehdi/Documents/GitHub/UEGame/Game/Content/AdvancedVillagePack/Textures/T_Pack_09_D.uexp" 1697
"C:/Users/Mehdi/Documents/GitHub/UEGame/Game/Content/AdvancedVillagePack/Materials/M_Inst_Pack_09.uasset" 1698
"C:/Users/Mehdi/Documents/GitHub/UEGame/Game/Content/AdvancedVillagePack/Materials/M_Inst_Pack_09.uexp" 1699
"C:/Users/Mehdi/Documents/GitHub/UEGame/Game/Content/AdvancedVillagePack/Textures/T_Pack_05_RM.ubulk" 1700
"C:/Users/Mehdi/Documents/GitHub/UEGame/Game/Content/AdvancedVillagePack/Textures/T_Pack_05_RM.uasset" 1701
"C:/Users/Mehdi/Documents/GitHub/UEGame/Game/Content/AdvancedVillagePack/Textures/T_Pack_05_RM.uexp" 1702
"C:/Users/Mehdi/Documents/GitHub/UEGame/Game/Content/AdvancedVillagePack/Textures/T_Pack_05_N.ubulk" 1703
"C:/Users/Mehdi/Documents/GitHub/UEGame/Game/Content/AdvancedVillagePack/Textures/T_Pack_05_N.uasset" 1704
"C:/Users/Mehdi/Documents/GitHub/UEGame/Game/Content/AdvancedVillagePack/Textures/T_Pack_05_N.uexp" 1705
"C:/Users/Mehdi/Documents/GitHub/UEGame/Game/Content/AdvancedVillagePack/Textures/T_Pack_05_E.ubulk" 1706
"C:/Users/Mehdi/Documents/GitHub/UEGame/Game/Content/AdvancedVillagePack/Textures/T_Pack_05_E.uasset" 1707
"C:/Users/Mehdi/Documents/GitHub/UEGame/Game/Content/AdvancedVillagePack/Textures/T_Pack_05_E.uexp" 1708
"C:/Users/Mehdi/Documents/GitHub/UEGame/Game/Content/AdvancedVillagePack/Textures/T_Pack_05_D.ubulk" 1709
"C:/Users/Mehdi/Documents/GitHub/UEGame/Game/Content/AdvancedVillagePack/Textures/T_Pack_05_D.uasset" 1710
"C:/Users/Mehdi/Documents/GitHub/UEGame/Game/Content/AdvancedVillagePack/Textures/T_Pack_05_D.uexp" 1711
"C:/Users/Mehdi/Documents/GitHub/UEGame/Game/Content/AdvancedVillagePack/Materials/M_Inst_Pack_05.uasset" 1712
"C:/Users/Mehdi/Documents/GitHub/UEGame/Game/Content/AdvancedVillagePack/Materials/M_Inst_Pack_05.uexp" 1713
"C:/Users/Mehdi/Documents/GitHub/UEGame/Game/Content/AdvancedVillagePack/Textures/T_Pack_04_RM.ubulk" 1714
"C:/Users/Mehdi/Documents/GitHub/UEGame/Game/Content/AdvancedVillagePack/Textures/T_Pack_04_RM.uasset" 1715
"C:/Users/Mehdi/Documents/GitHub/UEGame/Game/Content/AdvancedVillagePack/Textures/T_Pack_04_RM.uexp" 1716
"C:/Users/Mehdi/Documents/GitHub/UEGame/Game/Content/AdvancedVillagePack/Textures/T_Pack_04_N.ubulk" 1717
"C:/Users/Mehdi/Documents/GitHub/UEGame/Game/Content/AdvancedVillagePack/Textures/T_Pack_04_N.uasset" 1718
"C:/Users/Mehdi/Documents/GitHub/UEGame/Game/Content/AdvancedVillagePack/Textures/T_Pack_04_N.uexp" 1719
"C:/Users/Mehdi/Documents/GitHub/UEGame/Game/Content/AdvancedVillagePack/Textures/T_Pack_04_E.ubulk" 1720
"C:/Users/Mehdi/Documents/GitHub/UEGame/Game/Content/AdvancedVillagePack/Textures/T_Pack_04_E.uasset" 1721
"C:/Users/Mehdi/Documents/GitHub/UEGame/Game/Content/AdvancedVillagePack/Textures/T_Pack_04_E.uexp" 1722
"C:/Users/Mehdi/Documents/GitHub/UEGame/Game/Content/AdvancedVillagePack/Textures/T_Pack_04_D.ubulk" 1723
"C:/Users/Mehdi/Documents/GitHub/UEGame/Game/Content/AdvancedVillagePack/Textures/T_Pack_04_D.uasset" 1724
"C:/Users/Mehdi/Documents/GitHub/UEGame/Game/Content/AdvancedVillagePack/Textures/T_Pack_04_D.uexp" 1725
"C:/Users/Mehdi/Documents/GitHub/UEGame/Game/Content/AdvancedVillagePack/Materials/M_Inst_Pack_04.uasset" 1726
"C:/Users/Mehdi/Documents/GitHub/UEGame/Game/Content/AdvancedVillagePack/Materials/M_Inst_Pack_04.uexp" 1727
"C:/Users/Mehdi/Documents/GitHub/UEGame/Game/Content/AdvancedVillagePack/Meshes/SM_Hay_Stack.uasset" 1728
"C:/Users/Mehdi/Documents/GitHub/UEGame/Game/Content/AdvancedVillagePack/Meshes/SM_Hay_Stack.uexp" 1729
"C:/Users/Mehdi/Documents/GitHub/UEGame/Game/Content/AdvancedVillagePack/Meshes/SM_Hay_Small_Var02.uasset" 1730
"C:/Users/Mehdi/Documents/GitHub/UEGame/Game/Content/AdvancedVillagePack/Meshes/SM_Hay_Small_Var02.uexp" 1731
"C:/Users/Mehdi/Documents/GitHub/UEGame/Game/Content/AdvancedVillagePack/Meshes/SM_Hay_Small_Var01.uasset" 1732
"C:/Users/Mehdi/Documents/GitHub/UEGame/Game/Content/AdvancedVillagePack/Meshes/SM_Hay_Small_Var01.uexp" 1733
"C:/Users/Mehdi/Documents/GitHub/UEGame/Game/Content/AdvancedVillagePack/Textures/Landscape/T_Foliage_Var01_O.ubulk" 1734
"C:/Users/Mehdi/Documents/GitHub/UEGame/Game/Content/AdvancedVillagePack/Textures/Landscape/T_Foliage_Var01_O.uasset" 1735
"C:/Users/Mehdi/Documents/GitHub/UEGame/Game/Content/AdvancedVillagePack/Textures/Landscape/T_Foliage_Var01_O.uexp" 1736
"C:/Users/Mehdi/Documents/GitHub/UEGame/Game/Content/AdvancedVillagePack/Textures/Landscape/T_Foliage_Var01_D.ubulk" 1737
"C:/Users/Mehdi/Documents/GitHub/UEGame/Game/Content/AdvancedVillagePack/Textures/Landscape/T_Foliage_Var01_D.uasset" 1738
"C:/Users/Mehdi/Documents/GitHub/UEGame/Game/Content/AdvancedVillagePack/Textures/Landscape/T_Foliage_Var01_D.uexp" 1739
"C:/Users/Mehdi/Documents/GitHub/UEGame/Game/Content/AdvancedVillagePack/Materials/M_Simple_Cutout_Wind.uasset" 1740
"C:/Users/Mehdi/Documents/GitHub/UEGame/Game/Content/AdvancedVillagePack/Materials/M_Simple_Cutout_Wind.uexp" 1741
"C:/Users/Mehdi/Documents/GitHub/UEGame/Game/Content/AdvancedVillagePack/Textures/Landscape/T_Foliage_Var02_O.ubulk" 1742
"C:/Users/Mehdi/Documents/GitHub/UEGame/Game/Content/AdvancedVillagePack/Textures/Landscape/T_Foliage_Var02_O.uasset" 1743
"C:/Users/Mehdi/Documents/GitHub/UEGame/Game/Content/AdvancedVillagePack/Textures/Landscape/T_Foliage_Var02_O.uexp" 1744
"C:/Users/Mehdi/Documents/GitHub/UEGame/Game/Content/AdvancedVillagePack/Textures/Landscape/T_Foliage_Var02_D.ubulk" 1745
"C:/Users/Mehdi/Documents/GitHub/UEGame/Game/Content/AdvancedVillagePack/Textures/Landscape/T_Foliage_Var02_D.uasset" 1746
"C:/Users/Mehdi/Documents/GitHub/UEGame/Game/Content/AdvancedVillagePack/Textures/Landscape/T_Foliage_Var02_D.uexp" 1747
"C:/Users/Mehdi/Documents/GitHub/UEGame/Game/Content/AdvancedVillagePack/Materials/M_Inst_Landscape_Foliage_Var02.uasset" 1748
"C:/Users/Mehdi/Documents/GitHub/UEGame/Game/Content/AdvancedVillagePack/Materials/M_Inst_Landscape_Foliage_Var02.uexp" 1749
"C:/Users/Mehdi/Documents/GitHub/UEGame/Game/Content/AdvancedVillagePack/Meshes/SM_GrassPatch_Var02.uasset" 1750
"C:/Users/Mehdi/Documents/GitHub/UEGame/Game/Content/AdvancedVillagePack/Meshes/SM_GrassPatch_Var02.uexp" 1751
"C:/Users/Mehdi/Documents/GitHub/UEGame/Game/Content/AdvancedVillagePack/Materials/M_Inst_Landscape_Foliage_Var01.uasset" 1752
"C:/Users/Mehdi/Documents/GitHub/UEGame/Game/Content/AdvancedVillagePack/Materials/M_Inst_Landscape_Foliage_Var01.uexp" 1753
"C:/Users/Mehdi/Documents/GitHub/UEGame/Game/Content/AdvancedVillagePack/Meshes/SM_GrassPatch_Var01.uasset" 1754
"C:/Users/Mehdi/Documents/GitHub/UEGame/Game/Content/AdvancedVillagePack/Meshes/SM_GrassPatch_Var01.uexp" 1755
"C:/Users/Mehdi/Documents/GitHub/UEGame/Game/Content/AdvancedVillagePack/Meshes/SM_Flower_Var06.uasset" 1756
"C:/Users/Mehdi/Documents/GitHub/UEGame/Game/Content/AdvancedVillagePack/Meshes/SM_Flower_Var06.uexp" 1757
"C:/Users/Mehdi/Documents/GitHub/UEGame/Game/Content/AdvancedVillagePack/Meshes/SM_Flower_Var05.uasset" 1758
"C:/Users/Mehdi/Documents/GitHub/UEGame/Game/Content/AdvancedVillagePack/Meshes/SM_Flower_Var05.uexp" 1759
"C:/Users/Mehdi/Documents/GitHub/UEGame/Game/Content/AdvancedVillagePack/Meshes/SM_Flower_Var04.uasset" 1760
"C:/Users/Mehdi/Documents/GitHub/UEGame/Game/Content/AdvancedVillagePack/Meshes/SM_Flower_Var04.uexp" 1761
"C:/Users/Mehdi/Documents/GitHub/UEGame/Game/Content/AdvancedVillagePack/Meshes/SM_Flower_Var03.uasset" 1762
"C:/Users/Mehdi/Documents/GitHub/UEGame/Game/Content/AdvancedVillagePack/Meshes/SM_Flower_Var03.uexp" 1763
"C:/Users/Mehdi/Documents/GitHub/UEGame/Game/Content/AdvancedVillagePack/Meshes/SM_Flower_Var01.uasset" 1764
"C:/Users/Mehdi/Documents/GitHub/UEGame/Game/Content/AdvancedVillagePack/Meshes/SM_Flower_Var01.uexp" 1765
"C:/Users/Mehdi/Documents/GitHub/UEGame/Game/Content/AdvancedVillagePack/Meshes/SM_Fence_Var04.uasset" 1766
"C:/Users/Mehdi/Documents/GitHub/UEGame/Game/Content/AdvancedVillagePack/Meshes/SM_Fence_Var04.uexp" 1767
"C:/Users/Mehdi/Documents/GitHub/UEGame/Game/Content/AdvancedVillagePack/Meshes/SM_Fence_Var03.uasset" 1768
"C:/Users/Mehdi/Documents/GitHub/UEGame/Game/Content/AdvancedVillagePack/Meshes/SM_Fence_Var03.uexp" 1769
"C:/Users/Mehdi/Documents/GitHub/UEGame/Game/Content/AdvancedVillagePack/Meshes/SM_Fence_Var02.uasset" 1770
"C:/Users/Mehdi/Documents/GitHub/UEGame/Game/Content/AdvancedVillagePack/Meshes/SM_Fence_Var02.uexp" 1771
"C:/Users/Mehdi/Documents/GitHub/UEGame/Game/Content/AdvancedVillagePack/Meshes/SM_Fence_Var01.uasset" 1772
"C:/Users/Mehdi/Documents/GitHub/UEGame/Game/Content/AdvancedVillagePack/Meshes/SM_Fence_Var01.uexp" 1773
"C:/Users/Mehdi/Documents/GitHub/UEGame/Game/Content/AdvancedVillagePack/Meshes/SM_Crate_Open.uasset" 1774
"C:/Users/Mehdi/Documents/GitHub/UEGame/Game/Content/AdvancedVillagePack/Meshes/SM_Crate_Open.uexp" 1775
"C:/Users/Mehdi/Documents/GitHub/UEGame/Game/Content/AdvancedVillagePack/Meshes/SM_Crate_Closed.uasset" 1776
"C:/Users/Mehdi/Documents/GitHub/UEGame/Game/Content/AdvancedVillagePack/Meshes/SM_Crate_Closed.uexp" 1777
"C:/Users/Mehdi/Documents/GitHub/UEGame/Game/Content/AdvancedVillagePack/Meshes/SM_Cauldron.uasset" 1778
"C:/Users/Mehdi/Documents/GitHub/UEGame/Game/Content/AdvancedVillagePack/Meshes/SM_Cauldron.uexp" 1779
"C:/Users/Mehdi/Documents/GitHub/UEGame/Game/Content/AdvancedVillagePack/Meshes/SM_Cart_Var02.uasset" 1780
"C:/Users/Mehdi/Documents/GitHub/UEGame/Game/Content/AdvancedVillagePack/Meshes/SM_Cart_Var02.uexp" 1781
"C:/Users/Mehdi/Documents/GitHub/UEGame/Game/Content/AdvancedVillagePack/Meshes/SM_Cart_Var01.uasset" 1782
"C:/Users/Mehdi/Documents/GitHub/UEGame/Game/Content/AdvancedVillagePack/Meshes/SM_Cart_Var01.uexp" 1783
"C:/Users/Mehdi/Documents/GitHub/UEGame/Game/Content/AdvancedVillagePack/Meshes/SM_Bucket.uasset" 1784
"C:/Users/Mehdi/Documents/GitHub/UEGame/Game/Content/AdvancedVillagePack/Meshes/SM_Bucket.uexp" 1785
"C:/Users/Mehdi/Documents/GitHub/UEGame/Game/Content/AdvancedVillagePack/Meshes/SM_Bridge_Var04.uasset" 1786
"C:/Users/Mehdi/Documents/GitHub/UEGame/Game/Content/AdvancedVillagePack/Meshes/SM_Bridge_Var04.uexp" 1787
"C:/Users/Mehdi/Documents/GitHub/UEGame/Game/Content/AdvancedVillagePack/Meshes/SM_Bridge_Var03.uasset" 1788
"C:/Users/Mehdi/Documents/GitHub/UEGame/Game/Content/AdvancedVillagePack/Meshes/SM_Bridge_Var03.uexp" 1789
"C:/Users/Mehdi/Documents/GitHub/UEGame/Game/Content/AdvancedVillagePack/Meshes/SM_Bridge_Var01.uasset" 1790
"C:/Users/Mehdi/Documents/GitHub/UEGame/Game/Content/AdvancedVillagePack/Meshes/SM_Bridge_Var01.uexp" 1791
"C:/Users/Mehdi/Documents/GitHub/UEGame/Game/Content/AdvancedVillagePack/Meshes/SM_Boat.uasset" 1792
"C:/Users/Mehdi/Documents/GitHub/UEGame/Game/Content/AdvancedVillagePack/Meshes/SM_Boat.uexp" 1793
"C:/Users/Mehdi/Documents/GitHub/UEGame/Game/Content/AdvancedVillagePack/Meshes/SM_Barrel.uasset" 1794
"C:/Users/Mehdi/Documents/GitHub/UEGame/Game/Content/AdvancedVillagePack/Meshes/SM_Barrel.uexp" 1795
"C:/Users/Mehdi/Documents/GitHub/UEGame/Game/Content/AdvancedVillagePack/Meshes/SM_Axe.uasset" 1796
"C:/Users/Mehdi/Documents/GitHub/UEGame/Game/Content/AdvancedVillagePack/Meshes/SM_Axe.uexp" 1797
"C:/Users/Mehdi/Documents/GitHub/UEGame/Game/Content/AdvancedVillagePack/Meshes/SM_Apple.uasset" 1798
"C:/Users/Mehdi/Documents/GitHub/UEGame/Game/Content/AdvancedVillagePack/Meshes/SM_Apple.uexp" 1799
"C:/Users/Mehdi/Documents/GitHub/UEGame/Game/Content/AdvancedVillagePack/Textures/Effects/T_Butterflies_O.ubulk" 1800
"C:/Users/Mehdi/Documents/GitHub/UEGame/Game/Content/AdvancedVillagePack/Textures/Effects/T_Butterflies_O.uasset" 1801
"C:/Users/Mehdi/Documents/GitHub/UEGame/Game/Content/AdvancedVillagePack/Textures/Effects/T_Butterflies_O.uexp" 1802
"C:/Users/Mehdi/Documents/GitHub/UEGame/Game/Content/AdvancedVillagePack/Textures/Effects/T_Butterflies_D.ubulk" 1803
"C:/Users/Mehdi/Documents/GitHub/UEGame/Game/Content/AdvancedVillagePack/Textures/Effects/T_Butterflies_D.uasset" 1804
"C:/Users/Mehdi/Documents/GitHub/UEGame/Game/Content/AdvancedVillagePack/Textures/Effects/T_Butterflies_D.uexp" 1805
"C:/Users/Mehdi/Documents/GitHub/UEGame/Game/Content/AdvancedVillagePack/Materials/M_Simple_Cutout.uasset" 1806
"C:/Users/Mehdi/Documents/GitHub/UEGame/Game/Content/AdvancedVillagePack/Materials/M_Simple_Cutout.uexp" 1807
"C:/Users/Mehdi/Documents/GitHub/UEGame/Game/Content/AdvancedVillagePack/Materials/M_Inst_Butterflies.uasset" 1808
"C:/Users/Mehdi/Documents/GitHub/UEGame/Game/Content/AdvancedVillagePack/Materials/M_Inst_Butterflies.uexp" 1809
"C:/Users/Mehdi/Documents/GitHub/UEGame/Game/Content/AdvancedVillagePack/Textures/Effects/T_Water_N.ubulk" 1810
"C:/Users/Mehdi/Documents/GitHub/UEGame/Game/Content/AdvancedVillagePack/Textures/Effects/T_Water_N.uasset" 1811
"C:/Users/Mehdi/Documents/GitHub/UEGame/Game/Content/AdvancedVillagePack/Textures/Effects/T_Water_N.uexp" 1812
"C:/Users/Mehdi/Documents/GitHub/UEGame/Game/Content/AdvancedVillagePack/Materials/M_Water.uasset" 1813
"C:/Users/Mehdi/Documents/GitHub/UEGame/Game/Content/AdvancedVillagePack/Materials/M_Water.uexp" 1814
"C:/Users/Mehdi/Documents/GitHub/UEGame/Game/Content/AdvancedVillagePack/Materials/M_Inst_Water.uasset" 1815
"C:/Users/Mehdi/Documents/GitHub/UEGame/Game/Content/AdvancedVillagePack/Materials/M_Inst_Water.uexp" 1816
"C:/Users/Mehdi/Documents/GitHub/UEGame/Game/Content/AdvancedVillagePack/Textures/T_Pack_11_Leafs_DO.uasset" 1817
"C:/Users/Mehdi/Documents/GitHub/UEGame/Game/Content/AdvancedVillagePack/Textures/T_Pack_11_Leafs_DO.uexp" 1818
"C:/Users/Mehdi/Documents/GitHub/UEGame/Game/Content/AdvancedVillagePack/Materials/M_Pfx_Diffuse_TwoSidedFoliage.uasset" 1819
"C:/Users/Mehdi/Documents/GitHub/UEGame/Game/Content/AdvancedVillagePack/Materials/M_Pfx_Diffuse_TwoSidedFoliage.uexp" 1820
"C:/Users/Mehdi/Documents/GitHub/UEGame/Game/Content/AdvancedVillagePack/Materials/M_Inst_Pfx_Leafs.uasset" 1821
"C:/Users/Mehdi/Documents/GitHub/UEGame/Game/Content/AdvancedVillagePack/Materials/M_Inst_Pfx_Leafs.uexp" 1822
"C:/Users/Mehdi/Documents/GitHub/UEGame/Game/Content/AdvancedVillagePack/Textures/Landscape/T_Landscape_Soil_N.ubulk" 1823
"C:/Users/Mehdi/Documents/GitHub/UEGame/Game/Content/AdvancedVillagePack/Textures/Landscape/T_Landscape_Soil_N.uasset" 1824
"C:/Users/Mehdi/Documents/GitHub/UEGame/Game/Content/AdvancedVillagePack/Textures/Landscape/T_Landscape_Soil_N.uexp" 1825
"C:/Users/Mehdi/Documents/GitHub/UEGame/Game/Content/AdvancedVillagePack/Textures/Landscape/T_Landscape_Soil_DH.ubulk" 1826
"C:/Users/Mehdi/Documents/GitHub/UEGame/Game/Content/AdvancedVillagePack/Textures/Landscape/T_Landscape_Soil_DH.uasset" 1827
"C:/Users/Mehdi/Documents/GitHub/UEGame/Game/Content/AdvancedVillagePack/Textures/Landscape/T_Landscape_Soil_DH.uexp" 1828
"C:/Users/Mehdi/Documents/GitHub/UEGame/Game/Content/AdvancedVillagePack/Textures/Landscape/T_Landscape_Pebbles_N.ubulk" 1829
"C:/Users/Mehdi/Documents/GitHub/UEGame/Game/Content/AdvancedVillagePack/Textures/Landscape/T_Landscape_Pebbles_N.uasset" 1830
"C:/Users/Mehdi/Documents/GitHub/UEGame/Game/Content/AdvancedVillagePack/Textures/Landscape/T_Landscape_Pebbles_N.uexp" 1831
"C:/Users/Mehdi/Documents/GitHub/UEGame/Game/Content/AdvancedVillagePack/Textures/Landscape/T_Landscape_Pebbles_DH.ubulk" 1832
"C:/Users/Mehdi/Documents/GitHub/UEGame/Game/Content/AdvancedVillagePack/Textures/Landscape/T_Landscape_Pebbles_DH.uasset" 1833
"C:/Users/Mehdi/Documents/GitHub/UEGame/Game/Content/AdvancedVillagePack/Textures/Landscape/T_Landscape_Pebbles_DH.uexp" 1834
"C:/Users/Mehdi/Documents/GitHub/UEGame/Game/Content/AdvancedVillagePack/Textures/Landscape/T_Landscape_Grass_N.ubulk" 1835
"C:/Users/Mehdi/Documents/GitHub/UEGame/Game/Content/AdvancedVillagePack/Textures/Landscape/T_Landscape_Grass_N.uasset" 1836
"C:/Users/Mehdi/Documents/GitHub/UEGame/Game/Content/AdvancedVillagePack/Textures/Landscape/T_Landscape_Grass_N.uexp" 1837
"C:/Users/Mehdi/Documents/GitHub/UEGame/Game/Content/AdvancedVillagePack/Textures/Landscape/T_Landscape_Grass_DH.ubulk" 1838
"C:/Users/Mehdi/Documents/GitHub/UEGame/Game/Content/AdvancedVillagePack/Textures/Landscape/T_Landscape_Grass_DH.uasset" 1839
"C:/Users/Mehdi/Documents/GitHub/UEGame/Game/Content/AdvancedVillagePack/Textures/Landscape/T_Landscape_Grass_DH.uexp" 1840
"C:/Users/Mehdi/Documents/GitHub/UEGame/Game/Content/AdvancedVillagePack/Materials/M_Landscape.uasset" 1841
"C:/Users/Mehdi/Documents/GitHub/UEGame/Game/Content/AdvancedVillagePack/Materials/M_Landscape.uexp" 1842
"C:/Users/Mehdi/Documents/GitHub/UEGame/Game/Content/AdvancedVillagePack/Materials/M_Inst_Landscape.uasset" 1843
"C:/Users/Mehdi/Documents/GitHub/UEGame/Game/Content/AdvancedVillagePack/Materials/M_Inst_Landscape.uexp" 1844
"C:/Users/Mehdi/Documents/GitHub/UEGame/Game/Content/AdvancedVillagePack/Materials/M_Pfx_TranslucentLit.uasset" 1845
"C:/Users/Mehdi/Documents/GitHub/UEGame/Game/Content/AdvancedVillagePack/Materials/M_Pfx_TranslucentLit.uexp" 1846
"C:/Users/Mehdi/Documents/GitHub/UEGame/Game/Content/AdvancedVillagePack/Textures/Effects/T_Pfx_Smoke.ubulk" 1847
"C:/Users/Mehdi/Documents/GitHub/UEGame/Game/Content/AdvancedVillagePack/Textures/Effects/T_Pfx_Smoke.uasset" 1848
"C:/Users/Mehdi/Documents/GitHub/UEGame/Game/Content/AdvancedVillagePack/Textures/Effects/T_Pfx_Smoke.uexp" 1849
"C:/Users/Mehdi/Documents/GitHub/UEGame/Game/Content/AdvancedVillagePack/Materials/M_Pfx_DustParticles.uasset" 1850
"C:/Users/Mehdi/Documents/GitHub/UEGame/Game/Content/AdvancedVillagePack/Materials/M_Pfx_DustParticles.uexp" 1851
"C:/Users/Mehdi/Documents/GitHub/UEGame/Game/Content/AdvancedVillagePack/Effects/Pfx_Mist.uasset" 1852
"C:/Users/Mehdi/Documents/GitHub/UEGame/Game/Content/AdvancedVillagePack/Effects/Pfx_Mist.uexp" 1853
"C:/Users/Mehdi/Documents/GitHub/UEGame/Game/Content/AdvancedVillagePack/Materials/M_Pfx_Additive.uasset" 1854
"C:/Users/Mehdi/Documents/GitHub/UEGame/Game/Content/AdvancedVillagePack/Materials/M_Pfx_Additive.uexp" 1855
"C:/Users/Mehdi/Documents/GitHub/UEGame/Game/Content/AdvancedVillagePack/Textures/Effects/T_Pfx_Spark.uasset" 1856
"C:/Users/Mehdi/Documents/GitHub/UEGame/Game/Content/AdvancedVillagePack/Textures/Effects/T_Pfx_Spark.uexp" 1857
"C:/Users/Mehdi/Documents/GitHub/UEGame/Game/Content/AdvancedVillagePack/Materials/M_Inst_Pfx_Sparks.uasset" 1858
"C:/Users/Mehdi/Documents/GitHub/UEGame/Game/Content/AdvancedVillagePack/Materials/M_Inst_Pfx_Sparks.uexp" 1859
"C:/Users/Mehdi/Documents/GitHub/UEGame/Game/Content/AdvancedVillagePack/Textures/Effects/T_Pfx_FlamesAtlas.ubulk" 1860
"C:/Users/Mehdi/Documents/GitHub/UEGame/Game/Content/AdvancedVillagePack/Textures/Effects/T_Pfx_FlamesAtlas.uasset" 1861
"C:/Users/Mehdi/Documents/GitHub/UEGame/Game/Content/AdvancedVillagePack/Textures/Effects/T_Pfx_FlamesAtlas.uexp" 1862
"C:/Users/Mehdi/Documents/GitHub/UEGame/Game/Content/AdvancedVillagePack/Materials/M_Inst_Pfx_Flames.uasset" 1863
"C:/Users/Mehdi/Documents/GitHub/UEGame/Game/Content/AdvancedVillagePack/Materials/M_Inst_Pfx_Flames.uexp" 1864
"C:/Users/Mehdi/Documents/GitHub/UEGame/Game/Content/AdvancedVillagePack/Effects/Pfx_FireTorch.uasset" 1865
"C:/Users/Mehdi/Documents/GitHub/UEGame/Game/Content/AdvancedVillagePack/Effects/Pfx_FireTorch.uexp" 1866
"C:/Users/Mehdi/Documents/GitHub/UEGame/Game/Content/AdvancedVillagePack/Effects/Pfx_DustParticles.uasset" 1867
"C:/Users/Mehdi/Documents/GitHub/UEGame/Game/Content/AdvancedVillagePack/Effects/Pfx_DustParticles.uexp" 1868
"C:/Users/Mehdi/Documents/GitHub/UEGame/Game/Content/AdvancedVillagePack/Meshes/SM_Well_Extra04.uasset" 1869
"C:/Users/Mehdi/Documents/GitHub/UEGame/Game/Content/AdvancedVillagePack/Meshes/SM_Well_Extra04.uexp" 1870
"C:/Users/Mehdi/Documents/GitHub/UEGame/Game/Content/AdvancedVillagePack/Meshes/SM_Well_Extra03.uasset" 1871
"C:/Users/Mehdi/Documents/GitHub/UEGame/Game/Content/AdvancedVillagePack/Meshes/SM_Well_Extra03.uexp" 1872
"C:/Users/Mehdi/Documents/GitHub/UEGame/Game/Content/AdvancedVillagePack/Meshes/SM_Well_Extra02.uasset" 1873
"C:/Users/Mehdi/Documents/GitHub/UEGame/Game/Content/AdvancedVillagePack/Meshes/SM_Well_Extra02.uexp" 1874
"C:/Users/Mehdi/Documents/GitHub/UEGame/Game/Content/AdvancedVillagePack/Meshes/SM_Well_Extra01.uasset" 1875
"C:/Users/Mehdi/Documents/GitHub/UEGame/Game/Content/AdvancedVillagePack/Meshes/SM_Well_Extra01.uexp" 1876
"C:/Users/Mehdi/Documents/GitHub/UEGame/Game/Content/AdvancedVillagePack/Meshes/SM_Well.uasset" 1877
"C:/Users/Mehdi/Documents/GitHub/UEGame/Game/Content/AdvancedVillagePack/Meshes/SM_Well.uexp" 1878
"C:/Users/Mehdi/Documents/GitHub/UEGame/Game/Content/AdvancedVillagePack/Blueprints/BP_Well.uasset" 1879
"C:/Users/Mehdi/Documents/GitHub/UEGame/Game/Content/AdvancedVillagePack/Blueprints/BP_Well.uexp" 1880
"C:/Users/Mehdi/Documents/GitHub/UEGame/Game/Content/AdvancedVillagePack/Meshes/SM_Tree_Var01.uasset" 1881
"C:/Users/Mehdi/Documents/GitHub/UEGame/Game/Content/AdvancedVillagePack/Meshes/SM_Tree_Var01.uexp" 1882
"C:/Users/Mehdi/Documents/GitHub/UEGame/Game/Content/AdvancedVillagePack/Effects/Pfx_FallingLeafs.uasset" 1883
"C:/Users/Mehdi/Documents/GitHub/UEGame/Game/Content/AdvancedVillagePack/Effects/Pfx_FallingLeafs.uexp" 1884
"C:/Users/Mehdi/Documents/GitHub/UEGame/Game/Content/AdvancedVillagePack/Blueprints/BP_Tree.uasset" 1885
"C:/Users/Mehdi/Documents/GitHub/UEGame/Game/Content/AdvancedVillagePack/Blueprints/BP_Tree.uexp" 1886
"C:/Users/Mehdi/Documents/GitHub/UEGame/Game/Content/AdvancedVillagePack/Meshes/SM_StreetLight.uasset" 1887
"C:/Users/Mehdi/Documents/GitHub/UEGame/Game/Content/AdvancedVillagePack/Meshes/SM_StreetLight.uexp" 1888
"C:/Users/Mehdi/Documents/GitHub/UEGame/Game/Content/AdvancedVillagePack/Effects/Pfx_LightInsects.uasset" 1889
"C:/Users/Mehdi/Documents/GitHub/UEGame/Game/Content/AdvancedVillagePack/Effects/Pfx_LightInsects.uexp" 1890
"C:/Users/Mehdi/Documents/GitHub/UEGame/Game/Content/AdvancedVillagePack/Blueprints/Misc/BP_Interface_OnDayOnNight.uasset" 1891
"C:/Users/Mehdi/Documents/GitHub/UEGame/Game/Content/AdvancedVillagePack/Blueprints/Misc/BP_Interface_OnDayOnNight.uexp" 1892
"C:/Users/Mehdi/Documents/GitHub/UEGame/Game/Content/AdvancedVillagePack/Blueprints/BP_Street_Lamp_OnDayOnNight.uasset" 1893
"C:/Users/Mehdi/Documents/GitHub/UEGame/Game/Content/AdvancedVillagePack/Blueprints/BP_Street_Lamp_OnDayOnNight.uexp" 1894
"C:/Users/Mehdi/Documents/GitHub/UEGame/Game/Content/AdvancedVillagePack/Meshes/SM_House_Var02_Extra.uasset" 1895
"C:/Users/Mehdi/Documents/GitHub/UEGame/Game/Content/AdvancedVillagePack/Meshes/SM_House_Var02_Extra.uexp" 1896
"C:/Users/Mehdi/Documents/GitHub/UEGame/Game/Content/AdvancedVillagePack/Meshes/SM_House_Var02.uasset" 1897
"C:/Users/Mehdi/Documents/GitHub/UEGame/Game/Content/AdvancedVillagePack/Meshes/SM_House_Var02.uexp" 1898
"C:/Users/Mehdi/Documents/GitHub/UEGame/Game/Content/AdvancedVillagePack/Meshes/SM_House_Var01_Extra08.uasset" 1899
"C:/Users/Mehdi/Documents/GitHub/UEGame/Game/Content/AdvancedVillagePack/Meshes/SM_House_Var01_Extra08.uexp" 1900
"C:/Users/Mehdi/Documents/GitHub/UEGame/Game/Content/AdvancedVillagePack/Materials/M_Inst_Pfx_SmokeChimney.uasset" 1901
"C:/Users/Mehdi/Documents/GitHub/UEGame/Game/Content/AdvancedVillagePack/Materials/M_Inst_Pfx_SmokeChimney.uexp" 1902
"C:/Users/Mehdi/Documents/GitHub/UEGame/Game/Content/AdvancedVillagePack/Effects/Pfx_SmokeChimney.uasset" 1903
"C:/Users/Mehdi/Documents/GitHub/UEGame/Game/Content/AdvancedVillagePack/Effects/Pfx_SmokeChimney.uexp" 1904
"C:/Users/Mehdi/Documents/GitHub/UEGame/Game/Content/AdvancedVillagePack/Blueprints/BP_House_Var02_OnDayOnNight.uasset" 1905
"C:/Users/Mehdi/Documents/GitHub/UEGame/Game/Content/AdvancedVillagePack/Blueprints/BP_House_Var02_OnDayOnNight.uexp" 1906
"C:/Users/Mehdi/Documents/GitHub/UEGame/Game/Content/AdvancedVillagePack/Meshes/SM_House_Var01_Extra07.uasset" 1907
"C:/Users/Mehdi/Documents/GitHub/UEGame/Game/Content/AdvancedVillagePack/Meshes/SM_House_Var01_Extra07.uexp" 1908
"C:/Users/Mehdi/Documents/GitHub/UEGame/Game/Content/AdvancedVillagePack/Meshes/SM_House_Var01_Extra06.uasset" 1909
"C:/Users/Mehdi/Documents/GitHub/UEGame/Game/Content/AdvancedVillagePack/Meshes/SM_House_Var01_Extra06.uexp" 1910
"C:/Users/Mehdi/Documents/GitHub/UEGame/Game/Content/AdvancedVillagePack/Meshes/SM_House_Var01_Extra05.uasset" 1911
"C:/Users/Mehdi/Documents/GitHub/UEGame/Game/Content/AdvancedVillagePack/Meshes/SM_House_Var01_Extra05.uexp" 1912
"C:/Users/Mehdi/Documents/GitHub/UEGame/Game/Content/AdvancedVillagePack/Meshes/SM_House_Var01_Extra04.uasset" 1913
"C:/Users/Mehdi/Documents/GitHub/UEGame/Game/Content/AdvancedVillagePack/Meshes/SM_House_Var01_Extra04.uexp" 1914
"C:/Users/Mehdi/Documents/GitHub/UEGame/Game/Content/AdvancedVillagePack/Meshes/SM_House_Var01_Extra03.uasset" 1915
"C:/Users/Mehdi/Documents/GitHub/UEGame/Game/Content/AdvancedVillagePack/Meshes/SM_House_Var01_Extra03.uexp" 1916
"C:/Users/Mehdi/Documents/GitHub/UEGame/Game/Content/AdvancedVillagePack/Meshes/SM_House_Var01_Extra02.uasset" 1917
"C:/Users/Mehdi/Documents/GitHub/UEGame/Game/Content/AdvancedVillagePack/Meshes/SM_House_Var01_Extra02.uexp" 1918
"C:/Users/Mehdi/Documents/GitHub/UEGame/Game/Content/AdvancedVillagePack/Meshes/SM_House_Var01_Extra01.uasset" 1919
"C:/Users/Mehdi/Documents/GitHub/UEGame/Game/Content/AdvancedVillagePack/Meshes/SM_House_Var01_Extra01.uexp" 1920
"C:/Users/Mehdi/Documents/GitHub/UEGame/Game/Content/AdvancedVillagePack/Meshes/SM_House_Var01.uasset" 1921
"C:/Users/Mehdi/Documents/GitHub/UEGame/Game/Content/AdvancedVillagePack/Meshes/SM_House_Var01.uexp" 1922
"C:/Users/Mehdi/Documents/GitHub/UEGame/Game/Content/AdvancedVillagePack/Blueprints/BP_House_Var01_OnDayOnNight.uasset" 1923
"C:/Users/Mehdi/Documents/GitHub/UEGame/Game/Content/AdvancedVillagePack/Blueprints/BP_House_Var01_OnDayOnNight.uexp" 1924
"C:/Users/Mehdi/Documents/GitHub/UEGame/Game/Content/AdvancedVillagePack/Meshes/SM_Spike.uasset" 1925
"C:/Users/Mehdi/Documents/GitHub/UEGame/Game/Content/AdvancedVillagePack/Meshes/SM_Spike.uexp" 1926
"C:/Users/Mehdi/Documents/GitHub/UEGame/Game/Content/AdvancedVillagePack/Effects/Pfx_SmokeFireCamp.uasset" 1927
"C:/Users/Mehdi/Documents/GitHub/UEGame/Game/Content/AdvancedVillagePack/Effects/Pfx_SmokeFireCamp.uexp" 1928
"C:/Users/Mehdi/Documents/GitHub/UEGame/Game/Content/AdvancedVillagePack/Effects/Pfx_LightInsectsCampFire.uasset" 1929
"C:/Users/Mehdi/Documents/GitHub/UEGame/Game/Content/AdvancedVillagePack/Effects/Pfx_LightInsectsCampFire.uexp" 1930
"C:/Users/Mehdi/Documents/GitHub/UEGame/Game/Content/AdvancedVillagePack/Effects/Pfx_FireCamp.uasset" 1931
"C:/Users/Mehdi/Documents/GitHub/UEGame/Game/Content/AdvancedVillagePack/Effects/Pfx_FireCamp.uexp" 1932
"C:/Users/Mehdi/Documents/GitHub/UEGame/Game/Content/AdvancedVillagePack/Blueprints/BP_CampFire_OnDayOnNight.uasset" 1933
"C:/Users/Mehdi/Documents/GitHub/UEGame/Game/Content/AdvancedVillagePack/Blueprints/BP_CampFire_OnDayOnNight.uexp" 1934
"C:/Users/Mehdi/Documents/GitHub/UEGame/Game/Content/AdvancedVillagePack/Animations/Butterfly_Anim_Var01_Skeleton.uasset" 1935
"C:/Users/Mehdi/Documents/GitHub/UEGame/Game/Content/AdvancedVillagePack/Animations/Butterfly_Anim_Var01_Skeleton.uexp" 1936
"C:/Users/Mehdi/Documents/GitHub/UEGame/Game/Content/AdvancedVillagePack/Animations/Butterfly_Anim_Var05_Anim.uasset" 1937
"C:/Users/Mehdi/Documents/GitHub/UEGame/Game/Content/AdvancedVillagePack/Animations/Butterfly_Anim_Var05_Anim.uexp" 1938
"C:/Users/Mehdi/Documents/GitHub/UEGame/Game/Content/AdvancedVillagePack/Animations/Butterfly_Anim_Var04_Anim.uasset" 1939
"C:/Users/Mehdi/Documents/GitHub/UEGame/Game/Content/AdvancedVillagePack/Animations/Butterfly_Anim_Var04_Anim.uexp" 1940
"C:/Users/Mehdi/Documents/GitHub/UEGame/Game/Content/AdvancedVillagePack/Animations/Butterfly_Anim_Var03_Anim.uasset" 1941
"C:/Users/Mehdi/Documents/GitHub/UEGame/Game/Content/AdvancedVillagePack/Animations/Butterfly_Anim_Var03_Anim.uexp" 1942
"C:/Users/Mehdi/Documents/GitHub/UEGame/Game/Content/AdvancedVillagePack/Animations/Butterfly_Anim_Var02_Anim.uasset" 1943
"C:/Users/Mehdi/Documents/GitHub/UEGame/Game/Content/AdvancedVillagePack/Animations/Butterfly_Anim_Var02_Anim.uexp" 1944
"C:/Users/Mehdi/Documents/GitHub/UEGame/Game/Content/AdvancedVillagePack/Animations/Butterfly_Anim_Var01.uasset" 1945
"C:/Users/Mehdi/Documents/GitHub/UEGame/Game/Content/AdvancedVillagePack/Animations/Butterfly_Anim_Var01.uexp" 1946
"C:/Users/Mehdi/Documents/GitHub/UEGame/Game/Content/AdvancedVillagePack/Animations/Butterfly_Anim_Var01_Anim.uasset" 1947
"C:/Users/Mehdi/Documents/GitHub/UEGame/Game/Content/AdvancedVillagePack/Animations/Butterfly_Anim_Var01_Anim.uexp" 1948
"C:/Users/Mehdi/Documents/GitHub/UEGame/Game/Content/AdvancedVillagePack/Meshes/ButterflyWing.uasset" 1949
"C:/Users/Mehdi/Documents/GitHub/UEGame/Game/Content/AdvancedVillagePack/Meshes/ButterflyWing.uexp" 1950
"C:/Users/Mehdi/Documents/GitHub/UEGame/Game/Content/AdvancedVillagePack/Meshes/ButterflyBody.uasset" 1951
"C:/Users/Mehdi/Documents/GitHub/UEGame/Game/Content/AdvancedVillagePack/Meshes/ButterflyBody.uexp" 1952
"C:/Users/Mehdi/Documents/GitHub/UEGame/Game/Content/AdvancedVillagePack/Blueprints/BP_Butterfly.uasset" 1953
"C:/Users/Mehdi/Documents/GitHub/UEGame/Game/Content/AdvancedVillagePack/Blueprints/BP_Butterfly.uexp" 1954
"C:/Users/Mehdi/Documents/GitHub/UEGame/Game/Content/Avatars/Voices/Astrid.uasset" 1955
"C:/Users/Mehdi/Documents/GitHub/UEGame/Game/Content/Avatars/Voices/Astrid.uexp" 1956
"C:/Users/Mehdi/Documents/GitHub/UEGame/Game/Content/Avatars/Voices/Sound.ubulk" 1957
"C:/Users/Mehdi/Documents/GitHub/UEGame/Game/Content/Avatars/Voices/Sound.uasset" 1958
"C:/Users/Mehdi/Documents/GitHub/UEGame/Game/Content/Avatars/Voices/Sound.uexp" 1959
"C:/Users/Mehdi/Documents/GitHub/UEGame/Game/Content/Avatars/Voices/CatchPhraseAstrid.uasset" 1960
"C:/Users/Mehdi/Documents/GitHub/UEGame/Game/Content/Avatars/Voices/CatchPhraseAstrid.uexp" 1961
"C:/Users/Mehdi/Documents/GitHub/UEGame/Game/Content/Avatars/Voices/Areg.uasset" 1962
"C:/Users/Mehdi/Documents/GitHub/UEGame/Game/Content/Avatars/Voices/Areg.uexp" 1963
"C:/Users/Mehdi/Documents/GitHub/UEGame/Game/Content/Avatars/Voices/CatchPhraseAreg.uasset" 1964
"C:/Users/Mehdi/Documents/GitHub/UEGame/Game/Content/Avatars/Voices/CatchPhraseAreg.uexp" 1965
"C:/Users/Mehdi/Documents/GitHub/UEGame/Game/Content/Avatars/Bian/Kachujin_specular.ubulk" 1966
"C:/Users/Mehdi/Documents/GitHub/UEGame/Game/Content/Avatars/Bian/Kachujin_specular.uasset" 1967
"C:/Users/Mehdi/Documents/GitHub/UEGame/Game/Content/Avatars/Bian/Kachujin_specular.uexp" 1968
"C:/Users/Mehdi/Documents/GitHub/UEGame/Game/Content/Avatars/Bian/Kachujin_normal.ubulk" 1969
"C:/Users/Mehdi/Documents/GitHub/UEGame/Game/Content/Avatars/Bian/Kachujin_normal.uasset" 1970
"C:/Users/Mehdi/Documents/GitHub/UEGame/Game/Content/Avatars/Bian/Kachujin_normal.uexp" 1971
"C:/Users/Mehdi/Documents/GitHub/UEGame/Game/Content/Avatars/Bian/Kachujin_diffuse.ubulk" 1972
"C:/Users/Mehdi/Documents/GitHub/UEGame/Game/Content/Avatars/Bian/Kachujin_diffuse.uasset" 1973
"C:/Users/Mehdi/Documents/GitHub/UEGame/Game/Content/Avatars/Bian/Kachujin_diffuse.uexp" 1974
"C:/Users/Mehdi/Documents/GitHub/UEGame/Game/Content/Avatars/Bian/kachujin_MAT.uasset" 1975
"C:/Users/Mehdi/Documents/GitHub/UEGame/Game/Content/Avatars/Bian/kachujin_MAT.uexp" 1976
"C:/Users/Mehdi/Documents/GitHub/UEGame/Game/Content/Avatars/Bian/Hanging_Idle__2__Skeleton.uasset" 1977
"C:/Users/Mehdi/Documents/GitHub/UEGame/Game/Content/Avatars/Bian/Hanging_Idle__2__Skeleton.uexp" 1978
"C:/Users/Mehdi/Documents/GitHub/UEGame/Game/Content/Avatars/Bian/Hanging_Idle__2__PhysicsAsset.uasset" 1979
"C:/Users/Mehdi/Documents/GitHub/UEGame/Game/Content/Avatars/Bian/Hanging_Idle__2__PhysicsAsset.uexp" 1980
"C:/Users/Mehdi/Documents/GitHub/UEGame/Game/Content/Avatars/Bian/Hanging_Idle__2_.uasset" 1981
"C:/Users/Mehdi/Documents/GitHub/UEGame/Game/Content/Avatars/Bian/Hanging_Idle__2_.uexp" 1982
"C:/Users/Mehdi/Documents/GitHub/UEGame/Game/Content/Avatars/Bian/Hanging_Idle__2__Anim_mixamo_com.uasset" 1983
"C:/Users/Mehdi/Documents/GitHub/UEGame/Game/Content/Avatars/Bian/Hanging_Idle__2__Anim_mixamo_com.uexp" 1984
"C:/Users/Mehdi/Documents/GitHub/UEGame/Game/Content/Avatars/Bian/Bian_BP.uasset" 1985
"C:/Users/Mehdi/Documents/GitHub/UEGame/Game/Content/Avatars/Bian/Bian_BP.uexp" 1986
"C:/Users/Mehdi/Documents/GitHub/UEGame/Game/Content/Avatars/Kyria/peasant_girl__1__Skeleton.uasset" 1987
"C:/Users/Mehdi/Documents/GitHub/UEGame/Game/Content/Avatars/Kyria/peasant_girl__1__Skeleton.uexp" 1988
"C:/Users/Mehdi/Documents/GitHub/UEGame/Game/Content/Avatars/Kyria/peasant_girl__1__PhysicsAsset.uasset" 1989
"C:/Users/Mehdi/Documents/GitHub/UEGame/Game/Content/Avatars/Kyria/peasant_girl__1__PhysicsAsset.uexp" 1990
"C:/Users/Mehdi/Documents/GitHub/UEGame/Game/Content/Avatars/Kyria/Peasant_Girl_specular.ubulk" 1991
"C:/Users/Mehdi/Documents/GitHub/UEGame/Game/Content/Avatars/Kyria/Peasant_Girl_specular.uasset" 1992
"C:/Users/Mehdi/Documents/GitHub/UEGame/Game/Content/Avatars/Kyria/Peasant_Girl_specular.uexp" 1993
"C:/Users/Mehdi/Documents/GitHub/UEGame/Game/Content/Avatars/Kyria/Peasant_Girl_normal.ubulk" 1994
"C:/Users/Mehdi/Documents/GitHub/UEGame/Game/Content/Avatars/Kyria/Peasant_Girl_normal.uasset" 1995
"C:/Users/Mehdi/Documents/GitHub/UEGame/Game/Content/Avatars/Kyria/Peasant_Girl_normal.uexp" 1996
"C:/Users/Mehdi/Documents/GitHub/UEGame/Game/Content/Avatars/Kyria/Peasant_Girl_diffuse.ubulk" 1997
"C:/Users/Mehdi/Documents/GitHub/UEGame/Game/Content/Avatars/Kyria/Peasant_Girl_diffuse.uasset" 1998
"C:/Users/Mehdi/Documents/GitHub/UEGame/Game/Content/Avatars/Kyria/Peasant_Girl_diffuse.uexp" 1999
"C:/Users/Mehdi/Documents/GitHub/UEGame/Game/Content/Avatars/Kyria/Peasant_Girl1.uasset" 2000
"C:/Users/Mehdi/Documents/GitHub/UEGame/Game/Content/Avatars/Kyria/Peasant_Girl1.uexp" 2001
"C:/Users/Mehdi/Documents/GitHub/UEGame/Game/Content/Avatars/Kyria/peasant_girl__1_.uasset" 2002
"C:/Users/Mehdi/Documents/GitHub/UEGame/Game/Content/Avatars/Kyria/peasant_girl__1_.uexp" 2003
"C:/Users/Mehdi/Documents/GitHub/UEGame/Game/Content/Avatars/Kyria/Idle_persiant_girl.uasset" 2004
"C:/Users/Mehdi/Documents/GitHub/UEGame/Game/Content/Avatars/Kyria/Idle_persiant_girl.uexp" 2005
"C:/Users/Mehdi/Documents/GitHub/UEGame/Game/Content/Avatars/Kyria/Kyria_BP.uasset" 2006
"C:/Users/Mehdi/Documents/GitHub/UEGame/Game/Content/Avatars/Kyria/Kyria_BP.uexp" 2007
"C:/Users/Mehdi/Documents/GitHub/UEGame/Game/Content/Avatars/Areg/Fishing_Cast__2__Skeleton.uasset" 2008
"C:/Users/Mehdi/Documents/GitHub/UEGame/Game/Content/Avatars/Areg/Fishing_Cast__2__Skeleton.uexp" 2009
"C:/Users/Mehdi/Documents/GitHub/UEGame/Game/Content/Avatars/Areg/Old_Man_Idle__1_.uasset" 2010
"C:/Users/Mehdi/Documents/GitHub/UEGame/Game/Content/Avatars/Areg/Old_Man_Idle__1_.uexp" 2011
"C:/Users/Mehdi/Documents/GitHub/UEGame/Game/Content/Avatars/Areg/Peasant_Man_specular.ubulk" 2012
"C:/Users/Mehdi/Documents/GitHub/UEGame/Game/Content/Avatars/Areg/Peasant_Man_specular.uasset" 2013
"C:/Users/Mehdi/Documents/GitHub/UEGame/Game/Content/Avatars/Areg/Peasant_Man_specular.uexp" 2014
"C:/Users/Mehdi/Documents/GitHub/UEGame/Game/Content/Avatars/Areg/Peasant_Man_normal.ubulk" 2015
"C:/Users/Mehdi/Documents/GitHub/UEGame/Game/Content/Avatars/Areg/Peasant_Man_normal.uasset" 2016
"C:/Users/Mehdi/Documents/GitHub/UEGame/Game/Content/Avatars/Areg/Peasant_Man_normal.uexp" 2017
"C:/Users/Mehdi/Documents/GitHub/UEGame/Game/Content/Avatars/Areg/Peasant_Man_diffuse.ubulk" 2018
"C:/Users/Mehdi/Documents/GitHub/UEGame/Game/Content/Avatars/Areg/Peasant_Man_diffuse.uasset" 2019
"C:/Users/Mehdi/Documents/GitHub/UEGame/Game/Content/Avatars/Areg/Peasant_Man_diffuse.uexp" 2020
"C:/Users/Mehdi/Documents/GitHub/UEGame/Game/Content/Avatars/Areg/Peasant_Man_02.uasset" 2021
"C:/Users/Mehdi/Documents/GitHub/UEGame/Game/Content/Avatars/Areg/Peasant_Man_02.uexp" 2022
"C:/Users/Mehdi/Documents/GitHub/UEGame/Game/Content/Avatars/Areg/Fishing_Cast__2__PhysicsAsset.uasset" 2023
"C:/Users/Mehdi/Documents/GitHub/UEGame/Game/Content/Avatars/Areg/Fishing_Cast__2__PhysicsAsset.uexp" 2024
"C:/Users/Mehdi/Documents/GitHub/UEGame/Game/Content/Avatars/Areg/Fishing_Cast__2_.uasset" 2025
"C:/Users/Mehdi/Documents/GitHub/UEGame/Game/Content/Avatars/Areg/Fishing_Cast__2_.uexp" 2026
"C:/Users/Mehdi/Documents/GitHub/UEGame/Game/Content/Avatars/Areg/Areg_BP.uasset" 2027
"C:/Users/Mehdi/Documents/GitHub/UEGame/Game/Content/Avatars/Areg/Areg_BP.uexp" 2028
"C:/Users/Mehdi/Documents/GitHub/UEGame/Game/Content/AdvancedVillagePack/Maps/AdvancedVillagePack_DemoScene_sharedassets/Layer03_LayerInfo.uasset" 2029
"C:/Users/Mehdi/Documents/GitHub/UEGame/Game/Content/AdvancedVillagePack/Maps/AdvancedVillagePack_DemoScene_sharedassets/Layer03_LayerInfo.uexp" 2030
"C:/Users/Mehdi/Documents/GitHub/UEGame/Game/Content/AdvancedVillagePack/Maps/AdvancedVillagePack_DemoScene_sharedassets/Layer02_LayerInfo.uasset" 2031
"C:/Users/Mehdi/Documents/GitHub/UEGame/Game/Content/AdvancedVillagePack/Maps/AdvancedVillagePack_DemoScene_sharedassets/Layer02_LayerInfo.uexp" 2032
"C:/Users/Mehdi/Documents/GitHub/UEGame/Game/Content/AdvancedVillagePack/Maps/AdvancedVillagePack_DemoScene_sharedassets/Layer01_LayerInfo.uasset" 2033
"C:/Users/Mehdi/Documents/GitHub/UEGame/Game/Content/AdvancedVillagePack/Maps/AdvancedVillagePack_DemoScene_sharedassets/Layer01_LayerInfo.uexp" 2034
"C:/Users/Mehdi/Documents/GitHub/UEGame/Game/Content/AdvancedVillagePack/Blueprints/Misc/BP_Misc_DayNight_Cycle.uasset" 2035
"C:/Users/Mehdi/Documents/GitHub/UEGame/Game/Content/AdvancedVillagePack/Blueprints/Misc/BP_Misc_DayNight_Cycle.uexp" 2036
"C:/Users/Mehdi/Documents/GitHub/UEGame/Game/Content/PhotoR_Backgrounds/Textures/SM_ground_gravel_b_n.ubulk" 2037
"C:/Users/Mehdi/Documents/GitHub/UEGame/Game/Content/PhotoR_Backgrounds/Textures/SM_ground_gravel_b_n.uasset" 2038
"C:/Users/Mehdi/Documents/GitHub/UEGame/Game/Content/PhotoR_Backgrounds/Textures/SM_ground_gravel_b_n.uexp" 2039
"C:/Users/Mehdi/Documents/GitHub/UEGame/Game/Content/PhotoR_Backgrounds/Textures/pr_background_mountain_d_N.ubulk" 2040
"C:/Users/Mehdi/Documents/GitHub/UEGame/Game/Content/PhotoR_Backgrounds/Textures/pr_background_mountain_d_N.uasset" 2041
"C:/Users/Mehdi/Documents/GitHub/UEGame/Game/Content/PhotoR_Backgrounds/Textures/pr_background_mountain_d_N.uexp" 2042
"C:/Users/Mehdi/Documents/GitHub/UEGame/Game/Content/PhotoR_Backgrounds/Textures/Mobile/Mountain_d_Summer.ubulk" 2043
"C:/Users/Mehdi/Documents/GitHub/UEGame/Game/Content/PhotoR_Backgrounds/Textures/Mobile/Mountain_d_Summer.uasset" 2044
"C:/Users/Mehdi/Documents/GitHub/UEGame/Game/Content/PhotoR_Backgrounds/Textures/Mobile/Mountain_d_Summer.uexp" 2045
"C:/Users/Mehdi/Documents/GitHub/UEGame/Game/Content/PhotoR_Backgrounds/Materials/Mobile/Mobile_mountain_d_M_summer.uasset" 2046
"C:/Users/Mehdi/Documents/GitHub/UEGame/Game/Content/PhotoR_Backgrounds/Materials/Mobile/Mobile_mountain_d_M_summer.uexp" 2047
"C:/Users/Mehdi/Documents/GitHub/UEGame/Game/Content/PhotoR_Backgrounds/Meshes/360d_Horizon/Mountain_d_low/PR_background_D_W2_LOW.uasset" 2048
"C:/Users/Mehdi/Documents/GitHub/UEGame/Game/Content/PhotoR_Backgrounds/Meshes/360d_Horizon/Mountain_d_low/PR_background_D_W2_LOW.uexp" 2049
"C:/Users/Mehdi/Documents/GitHub/UEGame/Game/Content/PhotoR_Backgrounds/Meshes/360d_Horizon/Mountain_d_low/PR_background_D_W1_LOW.uasset" 2050
"C:/Users/Mehdi/Documents/GitHub/UEGame/Game/Content/PhotoR_Backgrounds/Meshes/360d_Horizon/Mountain_d_low/PR_background_D_W1_LOW.uexp" 2051
"C:/Users/Mehdi/Documents/GitHub/UEGame/Game/Content/PhotoR_Backgrounds/Meshes/360d_Horizon/Mountain_d_low/PR_background_D_S2_LOW.uasset" 2052
"C:/Users/Mehdi/Documents/GitHub/UEGame/Game/Content/PhotoR_Backgrounds/Meshes/360d_Horizon/Mountain_d_low/PR_background_D_S2_LOW.uexp" 2053
"C:/Users/Mehdi/Documents/GitHub/UEGame/Game/Content/PhotoR_Backgrounds/Meshes/360d_Horizon/Mountain_d_low/PR_background_D_S1_LOW.uasset" 2054
"C:/Users/Mehdi/Documents/GitHub/UEGame/Game/Content/PhotoR_Backgrounds/Meshes/360d_Horizon/Mountain_d_low/PR_background_D_S1_LOW.uexp" 2055
"C:/Users/Mehdi/Documents/GitHub/UEGame/Game/Content/PhotoR_Backgrounds/Meshes/360d_Horizon/Mountain_d_low/PR_background_D_N2_LOW.uasset" 2056
"C:/Users/Mehdi/Documents/GitHub/UEGame/Game/Content/PhotoR_Backgrounds/Meshes/360d_Horizon/Mountain_d_low/PR_background_D_N2_LOW.uexp" 2057
"C:/Users/Mehdi/Documents/GitHub/UEGame/Game/Content/PhotoR_Backgrounds/Meshes/360d_Horizon/Mountain_d_low/PR_background_D_N1_LOW.uasset" 2058
"C:/Users/Mehdi/Documents/GitHub/UEGame/Game/Content/PhotoR_Backgrounds/Meshes/360d_Horizon/Mountain_d_low/PR_background_D_N1_LOW.uexp" 2059
"C:/Users/Mehdi/Documents/GitHub/UEGame/Game/Content/PhotoR_Backgrounds/Meshes/360d_Horizon/Mountain_d_low/PR_background_D_E2_LOW.uasset" 2060
"C:/Users/Mehdi/Documents/GitHub/UEGame/Game/Content/PhotoR_Backgrounds/Meshes/360d_Horizon/Mountain_d_low/PR_background_D_E2_LOW.uexp" 2061
"C:/Users/Mehdi/Documents/GitHub/UEGame/Game/Content/PhotoR_Backgrounds/Meshes/360d_Horizon/Mountain_d_low/PR_background_D_E1_LOW.uasset" 2062
"C:/Users/Mehdi/Documents/GitHub/UEGame/Game/Content/PhotoR_Backgrounds/Meshes/360d_Horizon/Mountain_d_low/PR_background_D_E1_LOW.uexp" 2063
"C:/Users/Mehdi/Documents/GitHub/UEGame/Game/Content/AdvancedVillagePack/Maps/AdvancedVillagePack_Showcase.uexp" 2064
"C:/Users/Mehdi/Documents/GitHub/UEGame/Game/Content/AdvancedVillagePack/Maps/AdvancedVillagePack_Showcase.ubulk" 2065
"C:/Users/Mehdi/Documents/GitHub/UEGame/Game/Content/AdvancedVillagePack/Maps/AdvancedVillagePack_Showcase.umap" 2066
